Input format or alias,Category,Output formats,Conditions
"jpg","Images","png webp avif tiff gif bmp ico pdf svg heic jp2 jxl qoi exr hdr dpx tga psd eps ps pbm pgm ppm pnm pcx sgi xpm xbm fits miff","First frame/page. JPG fills alpha with white; SVG embeds raster pixels. RAW samples without a header may require dimensions or a native exporter."
"jpeg","Images","png webp avif tiff gif bmp ico pdf svg heic jp2 jxl qoi exr hdr dpx tga psd eps ps pbm pgm ppm pnm pcx sgi xpm xbm fits miff","First frame/page. JPG fills alpha with white; SVG embeds raster pixels. RAW samples without a header may require dimensions or a native exporter."
"png","Images","jpg webp avif tiff gif bmp ico pdf svg heic jp2 jxl qoi exr hdr dpx tga psd eps ps pbm pgm ppm pnm pcx sgi xpm xbm fits miff","First frame/page. JPG fills alpha with white; SVG embeds raster pixels. RAW samples without a header may require dimensions or a native exporter."
"webp","Images","jpg png avif tiff gif bmp ico pdf svg heic jp2 jxl qoi exr hdr dpx tga psd eps ps pbm pgm ppm pnm pcx sgi xpm xbm fits miff","First frame/page. JPG fills alpha with white; SVG embeds raster pixels. RAW samples without a header may require dimensions or a native exporter."
"avif","Images","jpg png webp tiff gif bmp ico pdf svg heic jp2 jxl qoi exr hdr dpx tga psd eps ps pbm pgm ppm pnm pcx sgi xpm xbm fits miff","First frame/page. JPG fills alpha with white; SVG embeds raster pixels. RAW samples without a header may require dimensions or a native exporter."
"gif","Images","jpg png webp avif tiff bmp ico pdf svg heic jp2 jxl qoi exr hdr dpx tga psd eps ps pbm pgm ppm pnm pcx sgi xpm xbm fits miff","First frame/page. JPG fills alpha with white; SVG embeds raster pixels. RAW samples without a header may require dimensions or a native exporter."
"tif","Images","jpg png webp avif gif bmp ico pdf svg heic jp2 jxl qoi exr hdr dpx tga psd eps ps pbm pgm ppm pnm pcx sgi xpm xbm fits miff","First frame/page. JPG fills alpha with white; SVG embeds raster pixels. RAW samples without a header may require dimensions or a native exporter."
"tiff","Images","jpg png webp avif gif bmp ico pdf svg heic jp2 jxl qoi exr hdr dpx tga psd eps ps pbm pgm ppm pnm pcx sgi xpm xbm fits miff","First frame/page. JPG fills alpha with white; SVG embeds raster pixels. RAW samples without a header may require dimensions or a native exporter."
"bmp","Images","jpg png webp avif tiff gif ico pdf svg heic jp2 jxl qoi exr hdr dpx tga psd eps ps pbm pgm ppm pnm pcx sgi xpm xbm fits miff","First frame/page. JPG fills alpha with white; SVG embeds raster pixels. RAW samples without a header may require dimensions or a native exporter."
"ico","Images","jpg png webp avif tiff gif bmp pdf svg heic jp2 jxl qoi exr hdr dpx tga psd eps ps pbm pgm ppm pnm pcx sgi xpm xbm fits miff","First frame/page. JPG fills alpha with white; SVG embeds raster pixels. RAW samples without a header may require dimensions or a native exporter."
"heic","Images","jpg png webp avif tiff gif bmp ico pdf svg jp2 jxl qoi exr hdr dpx tga psd eps ps pbm pgm ppm pnm pcx sgi xpm xbm fits miff","First frame/page. JPG fills alpha with white; SVG embeds raster pixels. RAW samples without a header may require dimensions or a native exporter."
"heif","Images","jpg png webp avif tiff gif bmp ico pdf svg heic jp2 jxl qoi exr hdr dpx tga psd eps ps pbm pgm ppm pnm pcx sgi xpm xbm fits miff","First frame/page. JPG fills alpha with white; SVG embeds raster pixels. RAW samples without a header may require dimensions or a native exporter."
"svg","Images","jpg png webp avif tiff gif bmp ico pdf heic jp2 jxl qoi exr hdr dpx tga psd eps ps pbm pgm ppm pnm pcx sgi xpm xbm fits miff","First frame/page. JPG fills alpha with white; SVG embeds raster pixels. RAW samples without a header may require dimensions or a native exporter."
"3fr","Images","jpg png webp avif tiff gif bmp ico pdf svg heic jp2 jxl qoi exr hdr dpx tga psd eps ps pbm pgm ppm pnm pcx sgi xpm xbm fits miff","First frame/page. JPG fills alpha with white; SVG embeds raster pixels. RAW samples without a header may require dimensions or a native exporter."
"aai","Images","jpg png webp avif tiff gif bmp ico pdf svg heic jp2 jxl qoi exr hdr dpx tga psd eps ps pbm pgm ppm pnm pcx sgi xpm xbm fits miff","First frame/page. JPG fills alpha with white; SVG embeds raster pixels. RAW samples without a header may require dimensions or a native exporter."
"ai","Images","jpg png webp avif tiff gif bmp ico pdf svg heic jp2 jxl qoi exr hdr dpx tga psd eps ps pbm pgm ppm pnm pcx sgi xpm xbm fits miff","First frame/page. JPG fills alpha with white; SVG embeds raster pixels. RAW samples without a header may require dimensions or a native exporter."
"arw","Images","jpg png webp avif tiff gif bmp ico pdf svg heic jp2 jxl qoi exr hdr dpx tga psd eps ps pbm pgm ppm pnm pcx sgi xpm xbm fits miff","First frame/page. JPG fills alpha with white; SVG embeds raster pixels. RAW samples without a header may require dimensions or a native exporter."
"ase","Images","jpg png webp avif tiff gif bmp ico pdf svg heic jp2 jxl qoi exr hdr dpx tga psd eps ps pbm pgm ppm pnm pcx sgi xpm xbm fits miff","First frame/page. JPG fills alpha with white; SVG embeds raster pixels. RAW samples without a header may require dimensions or a native exporter."
"aseprite","Images","jpg png webp avif tiff gif bmp ico pdf svg heic jp2 jxl qoi exr hdr dpx tga psd eps ps pbm pgm ppm pnm pcx sgi xpm xbm fits miff","First frame/page. JPG fills alpha with white; SVG embeds raster pixels. RAW samples without a header may require dimensions or a native exporter."
"avs","Images","jpg png webp avif tiff gif bmp ico pdf svg heic jp2 jxl qoi exr hdr dpx tga psd eps ps pbm pgm ppm pnm pcx sgi xpm xbm fits miff","First frame/page. JPG fills alpha with white; SVG embeds raster pixels. RAW samples without a header may require dimensions or a native exporter."
"bayer","Images","jpg png webp avif tiff gif bmp ico pdf svg heic jp2 jxl qoi exr hdr dpx tga psd eps ps pbm pgm ppm pnm pcx sgi xpm xbm fits miff","First frame/page. JPG fills alpha with white; SVG embeds raster pixels. RAW samples without a header may require dimensions or a native exporter."
"bayera","Images","jpg png webp avif tiff gif bmp ico pdf svg heic jp2 jxl qoi exr hdr dpx tga psd eps ps pbm pgm ppm pnm pcx sgi xpm xbm fits miff","First frame/page. JPG fills alpha with white; SVG embeds raster pixels. RAW samples without a header may require dimensions or a native exporter."
"bgr","Images","jpg png webp avif tiff gif bmp ico pdf svg heic jp2 jxl qoi exr hdr dpx tga psd eps ps pbm pgm ppm pnm pcx sgi xpm xbm fits miff","First frame/page. JPG fills alpha with white; SVG embeds raster pixels. RAW samples without a header may require dimensions or a native exporter."
"bgra","Images","jpg png webp avif tiff gif bmp ico pdf svg heic jp2 jxl qoi exr hdr dpx tga psd eps ps pbm pgm ppm pnm pcx sgi xpm xbm fits miff","First frame/page. JPG fills alpha with white; SVG embeds raster pixels. RAW samples without a header may require dimensions or a native exporter."
"bgro","Images","jpg png webp avif tiff gif bmp ico pdf svg heic jp2 jxl qoi exr hdr dpx tga psd eps ps pbm pgm ppm pnm pcx sgi xpm xbm fits miff","First frame/page. JPG fills alpha with white; SVG embeds raster pixels. RAW samples without a header may require dimensions or a native exporter."
"bmp2","Images","jpg png webp avif tiff gif bmp ico pdf svg heic jp2 jxl qoi exr hdr dpx tga psd eps ps pbm pgm ppm pnm pcx sgi xpm xbm fits miff","First frame/page. JPG fills alpha with white; SVG embeds raster pixels. RAW samples without a header may require dimensions or a native exporter."
"bmp3","Images","jpg png webp avif tiff gif bmp ico pdf svg heic jp2 jxl qoi exr hdr dpx tga psd eps ps pbm pgm ppm pnm pcx sgi xpm xbm fits miff","First frame/page. JPG fills alpha with white; SVG embeds raster pixels. RAW samples without a header may require dimensions or a native exporter."
"c2pa","Images","jpg png webp avif tiff gif bmp ico pdf svg heic jp2 jxl qoi exr hdr dpx tga psd eps ps pbm pgm ppm pnm pcx sgi xpm xbm fits miff","First frame/page. JPG fills alpha with white; SVG embeds raster pixels. RAW samples without a header may require dimensions or a native exporter."
"cal","Images","jpg png webp avif tiff gif bmp ico pdf svg heic jp2 jxl qoi exr hdr dpx tga psd eps ps pbm pgm ppm pnm pcx sgi xpm xbm fits miff","First frame/page. JPG fills alpha with white; SVG embeds raster pixels. RAW samples without a header may require dimensions or a native exporter."
"cals","Images","jpg png webp avif tiff gif bmp ico pdf svg heic jp2 jxl qoi exr hdr dpx tga psd eps ps pbm pgm ppm pnm pcx sgi xpm xbm fits miff","First frame/page. JPG fills alpha with white; SVG embeds raster pixels. RAW samples without a header may require dimensions or a native exporter."
"cin","Images","jpg png webp avif tiff gif bmp ico pdf svg heic jp2 jxl qoi exr hdr dpx tga psd eps ps pbm pgm ppm pnm pcx sgi xpm xbm fits miff","First frame/page. JPG fills alpha with white; SVG embeds raster pixels. RAW samples without a header may require dimensions or a native exporter."
"cr2","Images","jpg png webp avif tiff gif bmp ico pdf svg heic jp2 jxl qoi exr hdr dpx tga psd eps ps pbm pgm ppm pnm pcx sgi xpm xbm fits miff","First frame/page. JPG fills alpha with white; SVG embeds raster pixels. RAW samples without a header may require dimensions or a native exporter."
"cr3","Images","jpg png webp avif tiff gif bmp ico pdf svg heic jp2 jxl qoi exr hdr dpx tga psd eps ps pbm pgm ppm pnm pcx sgi xpm xbm fits miff","First frame/page. JPG fills alpha with white; SVG embeds raster pixels. RAW samples without a header may require dimensions or a native exporter."
"crw","Images","jpg png webp avif tiff gif bmp ico pdf svg heic jp2 jxl qoi exr hdr dpx tga psd eps ps pbm pgm ppm pnm pcx sgi xpm xbm fits miff","First frame/page. JPG fills alpha with white; SVG embeds raster pixels. RAW samples without a header may require dimensions or a native exporter."
"cube","Images","jpg png webp avif tiff gif bmp ico pdf svg heic jp2 jxl qoi exr hdr dpx tga psd eps ps pbm pgm ppm pnm pcx sgi xpm xbm fits miff","First frame/page. JPG fills alpha with white; SVG embeds raster pixels. RAW samples without a header may require dimensions or a native exporter."
"cur","Images","jpg png webp avif tiff gif bmp ico pdf svg heic jp2 jxl qoi exr hdr dpx tga psd eps ps pbm pgm ppm pnm pcx sgi xpm xbm fits miff","First frame/page. JPG fills alpha with white; SVG embeds raster pixels. RAW samples without a header may require dimensions or a native exporter."
"cut","Images","jpg png webp avif tiff gif bmp ico pdf svg heic jp2 jxl qoi exr hdr dpx tga psd eps ps pbm pgm ppm pnm pcx sgi xpm xbm fits miff","First frame/page. JPG fills alpha with white; SVG embeds raster pixels. RAW samples without a header may require dimensions or a native exporter."
"data","Images","jpg png webp avif tiff gif bmp ico pdf svg heic jp2 jxl qoi exr hdr dpx tga psd eps ps pbm pgm ppm pnm pcx sgi xpm xbm fits miff","First frame/page. JPG fills alpha with white; SVG embeds raster pixels. RAW samples without a header may require dimensions or a native exporter."
"dcm","Images","jpg png webp avif tiff gif bmp ico pdf svg heic jp2 jxl qoi exr hdr dpx tga psd eps ps pbm pgm ppm pnm pcx sgi xpm xbm fits miff","First frame/page. JPG fills alpha with white; SVG embeds raster pixels. RAW samples without a header may require dimensions or a native exporter."
"dcr","Images","jpg png webp avif tiff gif bmp ico pdf svg heic jp2 jxl qoi exr hdr dpx tga psd eps ps pbm pgm ppm pnm pcx sgi xpm xbm fits miff","First frame/page. JPG fills alpha with white; SVG embeds raster pixels. RAW samples without a header may require dimensions or a native exporter."
"dcraw","Images","jpg png webp avif tiff gif bmp ico pdf svg heic jp2 jxl qoi exr hdr dpx tga psd eps ps pbm pgm ppm pnm pcx sgi xpm xbm fits miff","First frame/page. JPG fills alpha with white; SVG embeds raster pixels. RAW samples without a header may require dimensions or a native exporter."
"dcx","Images","jpg png webp avif tiff gif bmp ico pdf svg heic jp2 jxl qoi exr hdr dpx tga psd eps ps pbm pgm ppm pnm pcx sgi xpm xbm fits miff","First frame/page. JPG fills alpha with white; SVG embeds raster pixels. RAW samples without a header may require dimensions or a native exporter."
"dds","Images","jpg png webp avif tiff gif bmp ico pdf svg heic jp2 jxl qoi exr hdr dpx tga psd eps ps pbm pgm ppm pnm pcx sgi xpm xbm fits miff","First frame/page. JPG fills alpha with white; SVG embeds raster pixels. RAW samples without a header may require dimensions or a native exporter."
"dfont","Images","jpg png webp avif tiff gif bmp ico pdf svg heic jp2 jxl qoi exr hdr dpx tga psd eps ps pbm pgm ppm pnm pcx sgi xpm xbm fits miff","First frame/page. JPG fills alpha with white; SVG embeds raster pixels. RAW samples without a header may require dimensions or a native exporter."
"dng","Images","jpg png webp avif tiff gif bmp ico pdf svg heic jp2 jxl qoi exr hdr dpx tga psd eps ps pbm pgm ppm pnm pcx sgi xpm xbm fits miff","First frame/page. JPG fills alpha with white; SVG embeds raster pixels. RAW samples without a header may require dimensions or a native exporter."
"dpx","Images","jpg png webp avif tiff gif bmp ico pdf svg heic jp2 jxl qoi exr hdr tga psd eps ps pbm pgm ppm pnm pcx sgi xpm xbm fits miff","First frame/page. JPG fills alpha with white; SVG embeds raster pixels. RAW samples without a header may require dimensions or a native exporter."
"dxt1","Images","jpg png webp avif tiff gif bmp ico pdf svg heic jp2 jxl qoi exr hdr dpx tga psd eps ps pbm pgm ppm pnm pcx sgi xpm xbm fits miff","First frame/page. JPG fills alpha with white; SVG embeds raster pixels. RAW samples without a header may require dimensions or a native exporter."
"dxt5","Images","jpg png webp avif tiff gif bmp ico pdf svg heic jp2 jxl qoi exr hdr dpx tga psd eps ps pbm pgm ppm pnm pcx sgi xpm xbm fits miff","First frame/page. JPG fills alpha with white; SVG embeds raster pixels. RAW samples without a header may require dimensions or a native exporter."
"epdf","Images","jpg png webp avif tiff gif bmp ico pdf svg heic jp2 jxl qoi exr hdr dpx tga psd eps ps pbm pgm ppm pnm pcx sgi xpm xbm fits miff","First frame/page. JPG fills alpha with white; SVG embeds raster pixels. RAW samples without a header may require dimensions or a native exporter."
"epi","Images","jpg png webp avif tiff gif bmp ico pdf svg heic jp2 jxl qoi exr hdr dpx tga psd eps ps pbm pgm ppm pnm pcx sgi xpm xbm fits miff","First frame/page. JPG fills alpha with white; SVG embeds raster pixels. RAW samples without a header may require dimensions or a native exporter."
"eps","Images","jpg png webp avif tiff gif bmp ico pdf svg heic jp2 jxl qoi exr hdr dpx tga psd ps pbm pgm ppm pnm pcx sgi xpm xbm fits miff","First frame/page. JPG fills alpha with white; SVG embeds raster pixels. RAW samples without a header may require dimensions or a native exporter."
"epsf","Images","jpg png webp avif tiff gif bmp ico pdf svg heic jp2 jxl qoi exr hdr dpx tga psd eps ps pbm pgm ppm pnm pcx sgi xpm xbm fits miff","First frame/page. JPG fills alpha with white; SVG embeds raster pixels. RAW samples without a header may require dimensions or a native exporter."
"epsi","Images","jpg png webp avif tiff gif bmp ico pdf svg heic jp2 jxl qoi exr hdr dpx tga psd eps ps pbm pgm ppm pnm pcx sgi xpm xbm fits miff","First frame/page. JPG fills alpha with white; SVG embeds raster pixels. RAW samples without a header may require dimensions or a native exporter."
"ept","Images","jpg png webp avif tiff gif bmp ico pdf svg heic jp2 jxl qoi exr hdr dpx tga psd eps ps pbm pgm ppm pnm pcx sgi xpm xbm fits miff","First frame/page. JPG fills alpha with white; SVG embeds raster pixels. RAW samples without a header may require dimensions or a native exporter."
"ept2","Images","jpg png webp avif tiff gif bmp ico pdf svg heic jp2 jxl qoi exr hdr dpx tga psd eps ps pbm pgm ppm pnm pcx sgi xpm xbm fits miff","First frame/page. JPG fills alpha with white; SVG embeds raster pixels. RAW samples without a header may require dimensions or a native exporter."
"ept3","Images","jpg png webp avif tiff gif bmp ico pdf svg heic jp2 jxl qoi exr hdr dpx tga psd eps ps pbm pgm ppm pnm pcx sgi xpm xbm fits miff","First frame/page. JPG fills alpha with white; SVG embeds raster pixels. RAW samples without a header may require dimensions or a native exporter."
"erf","Images","jpg png webp avif tiff gif bmp ico pdf svg heic jp2 jxl qoi exr hdr dpx tga psd eps ps pbm pgm ppm pnm pcx sgi xpm xbm fits miff","First frame/page. JPG fills alpha with white; SVG embeds raster pixels. RAW samples without a header may require dimensions or a native exporter."
"exr","Images","jpg png webp avif tiff gif bmp ico pdf svg heic jp2 jxl qoi hdr dpx tga psd eps ps pbm pgm ppm pnm pcx sgi xpm xbm fits miff","First frame/page. JPG fills alpha with white; SVG embeds raster pixels. RAW samples without a header may require dimensions or a native exporter."
"farbfeld","Images","jpg png webp avif tiff gif bmp ico pdf svg heic jp2 jxl qoi exr hdr dpx tga psd eps ps pbm pgm ppm pnm pcx sgi xpm xbm fits miff","First frame/page. JPG fills alpha with white; SVG embeds raster pixels. RAW samples without a header may require dimensions or a native exporter."
"fax","Images","jpg png webp avif tiff gif bmp ico pdf svg heic jp2 jxl qoi exr hdr dpx tga psd eps ps pbm pgm ppm pnm pcx sgi xpm xbm fits miff","First frame/page. JPG fills alpha with white; SVG embeds raster pixels. RAW samples without a header may require dimensions or a native exporter."
"ff","Images","jpg png webp avif tiff gif bmp ico pdf svg heic jp2 jxl qoi exr hdr dpx tga psd eps ps pbm pgm ppm pnm pcx sgi xpm xbm fits miff","First frame/page. JPG fills alpha with white; SVG embeds raster pixels. RAW samples without a header may require dimensions or a native exporter."
"fff","Images","jpg png webp avif tiff gif bmp ico pdf svg heic jp2 jxl qoi exr hdr dpx tga psd eps ps pbm pgm ppm pnm pcx sgi xpm xbm fits miff","First frame/page. JPG fills alpha with white; SVG embeds raster pixels. RAW samples without a header may require dimensions or a native exporter."
"file","Images","jpg png webp avif tiff gif bmp ico pdf svg heic jp2 jxl qoi exr hdr dpx tga psd eps ps pbm pgm ppm pnm pcx sgi xpm xbm fits miff","First frame/page. JPG fills alpha with white; SVG embeds raster pixels. RAW samples without a header may require dimensions or a native exporter."
"fits","Images","jpg png webp avif tiff gif bmp ico pdf svg heic jp2 jxl qoi exr hdr dpx tga psd eps ps pbm pgm ppm pnm pcx sgi xpm xbm miff","First frame/page. JPG fills alpha with white; SVG embeds raster pixels. RAW samples without a header may require dimensions or a native exporter."
"fl32","Images","jpg png webp avif tiff gif bmp ico pdf svg heic jp2 jxl qoi exr hdr dpx tga psd eps ps pbm pgm ppm pnm pcx sgi xpm xbm fits miff","First frame/page. JPG fills alpha with white; SVG embeds raster pixels. RAW samples without a header may require dimensions or a native exporter."
"fractal","Images","jpg png webp avif tiff gif bmp ico pdf svg heic jp2 jxl qoi exr hdr dpx tga psd eps ps pbm pgm ppm pnm pcx sgi xpm xbm fits miff","First frame/page. JPG fills alpha with white; SVG embeds raster pixels. RAW samples without a header may require dimensions or a native exporter."
"fts","Images","jpg png webp avif tiff gif bmp ico pdf svg heic jp2 jxl qoi exr hdr dpx tga psd eps ps pbm pgm ppm pnm pcx sgi xpm xbm fits miff","First frame/page. JPG fills alpha with white; SVG embeds raster pixels. RAW samples without a header may require dimensions or a native exporter."
"ftxt","Images","jpg png webp avif tiff gif bmp ico pdf svg heic jp2 jxl qoi exr hdr dpx tga psd eps ps pbm pgm ppm pnm pcx sgi xpm xbm fits miff","First frame/page. JPG fills alpha with white; SVG embeds raster pixels. RAW samples without a header may require dimensions or a native exporter."
"g3","Images","jpg png webp avif tiff gif bmp ico pdf svg heic jp2 jxl qoi exr hdr dpx tga psd eps ps pbm pgm ppm pnm pcx sgi xpm xbm fits miff","First frame/page. JPG fills alpha with white; SVG embeds raster pixels. RAW samples without a header may require dimensions or a native exporter."
"g4","Images","jpg png webp avif tiff gif bmp ico pdf svg heic jp2 jxl qoi exr hdr dpx tga psd eps ps pbm pgm ppm pnm pcx sgi xpm xbm fits miff","First frame/page. JPG fills alpha with white; SVG embeds raster pixels. RAW samples without a header may require dimensions or a native exporter."
"gif87","Images","jpg png webp avif tiff gif bmp ico pdf svg heic jp2 jxl qoi exr hdr dpx tga psd eps ps pbm pgm ppm pnm pcx sgi xpm xbm fits miff","First frame/page. JPG fills alpha with white; SVG embeds raster pixels. RAW samples without a header may require dimensions or a native exporter."
"group4","Images","jpg png webp avif tiff gif bmp ico pdf svg heic jp2 jxl qoi exr hdr dpx tga psd eps ps pbm pgm ppm pnm pcx sgi xpm xbm fits miff","First frame/page. JPG fills alpha with white; SVG embeds raster pixels. RAW samples without a header may require dimensions or a native exporter."
"hald","Images","jpg png webp avif tiff gif bmp ico pdf svg heic jp2 jxl qoi exr hdr dpx tga psd eps ps pbm pgm ppm pnm pcx sgi xpm xbm fits miff","First frame/page. JPG fills alpha with white; SVG embeds raster pixels. RAW samples without a header may require dimensions or a native exporter."
"hdr","Images","jpg png webp avif tiff gif bmp ico pdf svg heic jp2 jxl qoi exr dpx tga psd eps ps pbm pgm ppm pnm pcx sgi xpm xbm fits miff","First frame/page. JPG fills alpha with white; SVG embeds raster pixels. RAW samples without a header may require dimensions or a native exporter."
"hrz","Images","jpg png webp avif tiff gif bmp ico pdf svg heic jp2 jxl qoi exr hdr dpx tga psd eps ps pbm pgm ppm pnm pcx sgi xpm xbm fits miff","First frame/page. JPG fills alpha with white; SVG embeds raster pixels. RAW samples without a header may require dimensions or a native exporter."
"icb","Images","jpg png webp avif tiff gif bmp ico pdf svg heic jp2 jxl qoi exr hdr dpx tga psd eps ps pbm pgm ppm pnm pcx sgi xpm xbm fits miff","First frame/page. JPG fills alpha with white; SVG embeds raster pixels. RAW samples without a header may require dimensions or a native exporter."
"icn","Images","jpg png webp avif tiff gif bmp ico pdf svg heic jp2 jxl qoi exr hdr dpx tga psd eps ps pbm pgm ppm pnm pcx sgi xpm xbm fits miff","First frame/page. JPG fills alpha with white; SVG embeds raster pixels. RAW samples without a header may require dimensions or a native exporter."
"icon","Images","jpg png webp avif tiff gif bmp ico pdf svg heic jp2 jxl qoi exr hdr dpx tga psd eps ps pbm pgm ppm pnm pcx sgi xpm xbm fits miff","First frame/page. JPG fills alpha with white; SVG embeds raster pixels. RAW samples without a header may require dimensions or a native exporter."
"iiq","Images","jpg png webp avif tiff gif bmp ico pdf svg heic jp2 jxl qoi exr hdr dpx tga psd eps ps pbm pgm ppm pnm pcx sgi xpm xbm fits miff","First frame/page. JPG fills alpha with white; SVG embeds raster pixels. RAW samples without a header may require dimensions or a native exporter."
"ipl","Images","jpg png webp avif tiff gif bmp ico pdf svg heic jp2 jxl qoi exr hdr dpx tga psd eps ps pbm pgm ppm pnm pcx sgi xpm xbm fits miff","First frame/page. JPG fills alpha with white; SVG embeds raster pixels. RAW samples without a header may require dimensions or a native exporter."
"j2c","Images","jpg png webp avif tiff gif bmp ico pdf svg heic jp2 jxl qoi exr hdr dpx tga psd eps ps pbm pgm ppm pnm pcx sgi xpm xbm fits miff","First frame/page. JPG fills alpha with white; SVG embeds raster pixels. RAW samples without a header may require dimensions or a native exporter."
"j2k","Images","jpg png webp avif tiff gif bmp ico pdf svg heic jp2 jxl qoi exr hdr dpx tga psd eps ps pbm pgm ppm pnm pcx sgi xpm xbm fits miff","First frame/page. JPG fills alpha with white; SVG embeds raster pixels. RAW samples without a header may require dimensions or a native exporter."
"jng","Images","jpg png webp avif tiff gif bmp ico pdf svg heic jp2 jxl qoi exr hdr dpx tga psd eps ps pbm pgm ppm pnm pcx sgi xpm xbm fits miff","First frame/page. JPG fills alpha with white; SVG embeds raster pixels. RAW samples without a header may require dimensions or a native exporter."
"jnx","Images","jpg png webp avif tiff gif bmp ico pdf svg heic jp2 jxl qoi exr hdr dpx tga psd eps ps pbm pgm ppm pnm pcx sgi xpm xbm fits miff","First frame/page. JPG fills alpha with white; SVG embeds raster pixels. RAW samples without a header may require dimensions or a native exporter."
"jp2","Images","jpg png webp avif tiff gif bmp ico pdf svg heic jxl qoi exr hdr dpx tga psd eps ps pbm pgm ppm pnm pcx sgi xpm xbm fits miff","First frame/page. JPG fills alpha with white; SVG embeds raster pixels. RAW samples without a header may require dimensions or a native exporter."
"jpc","Images","jpg png webp avif tiff gif bmp ico pdf svg heic jp2 jxl qoi exr hdr dpx tga psd eps ps pbm pgm ppm pnm pcx sgi xpm xbm fits miff","First frame/page. JPG fills alpha with white; SVG embeds raster pixels. RAW samples without a header may require dimensions or a native exporter."
"jpe","Images","jpg png webp avif tiff gif bmp ico pdf svg heic jp2 jxl qoi exr hdr dpx tga psd eps ps pbm pgm ppm pnm pcx sgi xpm xbm fits miff","First frame/page. JPG fills alpha with white; SVG embeds raster pixels. RAW samples without a header may require dimensions or a native exporter."
"jpm","Images","jpg png webp avif tiff gif bmp ico pdf svg heic jp2 jxl qoi exr hdr dpx tga psd eps ps pbm pgm ppm pnm pcx sgi xpm xbm fits miff","First frame/page. JPG fills alpha with white; SVG embeds raster pixels. RAW samples without a header may require dimensions or a native exporter."
"jps","Images","jpg png webp avif tiff gif bmp ico pdf svg heic jp2 jxl qoi exr hdr dpx tga psd eps ps pbm pgm ppm pnm pcx sgi xpm xbm fits miff","First frame/page. JPG fills alpha with white; SVG embeds raster pixels. RAW samples without a header may require dimensions or a native exporter."
"jpt","Images","jpg png webp avif tiff gif bmp ico pdf svg heic jp2 jxl qoi exr hdr dpx tga psd eps ps pbm pgm ppm pnm pcx sgi xpm xbm fits miff","First frame/page. JPG fills alpha with white; SVG embeds raster pixels. RAW samples without a header may require dimensions or a native exporter."
"jxl","Images","jpg png webp avif tiff gif bmp ico pdf svg heic jp2 qoi exr hdr dpx tga psd eps ps pbm pgm ppm pnm pcx sgi xpm xbm fits miff","First frame/page. JPG fills alpha with white; SVG embeds raster pixels. RAW samples without a header may require dimensions or a native exporter."
"k25","Images","jpg png webp avif tiff gif bmp ico pdf svg heic jp2 jxl qoi exr hdr dpx tga psd eps ps pbm pgm ppm pnm pcx sgi xpm xbm fits miff","First frame/page. JPG fills alpha with white; SVG embeds raster pixels. RAW samples without a header may require dimensions or a native exporter."
"kdc","Images","jpg png webp avif tiff gif bmp ico pdf svg heic jp2 jxl qoi exr hdr dpx tga psd eps ps pbm pgm ppm pnm pcx sgi xpm xbm fits miff","First frame/page. JPG fills alpha with white; SVG embeds raster pixels. RAW samples without a header may require dimensions or a native exporter."
"mac","Images","jpg png webp avif tiff gif bmp ico pdf svg heic jp2 jxl qoi exr hdr dpx tga psd eps ps pbm pgm ppm pnm pcx sgi xpm xbm fits miff","First frame/page. JPG fills alpha with white; SVG embeds raster pixels. RAW samples without a header may require dimensions or a native exporter."
"map","Images","jpg png webp avif tiff gif bmp ico pdf svg heic jp2 jxl qoi exr hdr dpx tga psd eps ps pbm pgm ppm pnm pcx sgi xpm xbm fits miff","First frame/page. JPG fills alpha with white; SVG embeds raster pixels. RAW samples without a header may require dimensions or a native exporter."
"mask","Images","jpg png webp avif tiff gif bmp ico pdf svg heic jp2 jxl qoi exr hdr dpx tga psd eps ps pbm pgm ppm pnm pcx sgi xpm xbm fits miff","First frame/page. JPG fills alpha with white; SVG embeds raster pixels. RAW samples without a header may require dimensions or a native exporter."
"mat","Images","jpg png webp avif tiff gif bmp ico pdf svg heic jp2 jxl qoi exr hdr dpx tga psd eps ps pbm pgm ppm pnm pcx sgi xpm xbm fits miff","First frame/page. JPG fills alpha with white; SVG embeds raster pixels. RAW samples without a header may require dimensions or a native exporter."
"mdc","Images","jpg png webp avif tiff gif bmp ico pdf svg heic jp2 jxl qoi exr hdr dpx tga psd eps ps pbm pgm ppm pnm pcx sgi xpm xbm fits miff","First frame/page. JPG fills alpha with white; SVG embeds raster pixels. RAW samples without a header may require dimensions or a native exporter."
"mef","Images","jpg png webp avif tiff gif bmp ico pdf svg heic jp2 jxl qoi exr hdr dpx tga psd eps ps pbm pgm ppm pnm pcx sgi xpm xbm fits miff","First frame/page. JPG fills alpha with white; SVG embeds raster pixels. RAW samples without a header may require dimensions or a native exporter."
"miff","Images","jpg png webp avif tiff gif bmp ico pdf svg heic jp2 jxl qoi exr hdr dpx tga psd eps ps pbm pgm ppm pnm pcx sgi xpm xbm fits","First frame/page. JPG fills alpha with white; SVG embeds raster pixels. RAW samples without a header may require dimensions or a native exporter."
"mng","Images","jpg png webp avif tiff gif bmp ico pdf svg heic jp2 jxl qoi exr hdr dpx tga psd eps ps pbm pgm ppm pnm pcx sgi xpm xbm fits miff","First frame/page. JPG fills alpha with white; SVG embeds raster pixels. RAW samples without a header may require dimensions or a native exporter."
"mono","Images","jpg png webp avif tiff gif bmp ico pdf svg heic jp2 jxl qoi exr hdr dpx tga psd eps ps pbm pgm ppm pnm pcx sgi xpm xbm fits miff","First frame/page. JPG fills alpha with white; SVG embeds raster pixels. RAW samples without a header may require dimensions or a native exporter."
"mos","Images","jpg png webp avif tiff gif bmp ico pdf svg heic jp2 jxl qoi exr hdr dpx tga psd eps ps pbm pgm ppm pnm pcx sgi xpm xbm fits miff","First frame/page. JPG fills alpha with white; SVG embeds raster pixels. RAW samples without a header may require dimensions or a native exporter."
"mpc","Images","jpg png webp avif tiff gif bmp ico pdf svg heic jp2 jxl qoi exr hdr dpx tga psd eps ps pbm pgm ppm pnm pcx sgi xpm xbm fits miff","First frame/page. JPG fills alpha with white; SVG embeds raster pixels. RAW samples without a header may require dimensions or a native exporter."
"mpo","Images","jpg png webp avif tiff gif bmp ico pdf svg heic jp2 jxl qoi exr hdr dpx tga psd eps ps pbm pgm ppm pnm pcx sgi xpm xbm fits miff","First frame/page. JPG fills alpha with white; SVG embeds raster pixels. RAW samples without a header may require dimensions or a native exporter."
"mrw","Images","jpg png webp avif tiff gif bmp ico pdf svg heic jp2 jxl qoi exr hdr dpx tga psd eps ps pbm pgm ppm pnm pcx sgi xpm xbm fits miff","First frame/page. JPG fills alpha with white; SVG embeds raster pixels. RAW samples without a header may require dimensions or a native exporter."
"msvg","Images","jpg png webp avif tiff gif bmp ico pdf svg heic jp2 jxl qoi exr hdr dpx tga psd eps ps pbm pgm ppm pnm pcx sgi xpm xbm fits miff","First frame/page. JPG fills alpha with white; SVG embeds raster pixels. RAW samples without a header may require dimensions or a native exporter."
"mtv","Images","jpg png webp avif tiff gif bmp ico pdf svg heic jp2 jxl qoi exr hdr dpx tga psd eps ps pbm pgm ppm pnm pcx sgi xpm xbm fits miff","First frame/page. JPG fills alpha with white; SVG embeds raster pixels. RAW samples without a header may require dimensions or a native exporter."
"nef","Images","jpg png webp avif tiff gif bmp ico pdf svg heic jp2 jxl qoi exr hdr dpx tga psd eps ps pbm pgm ppm pnm pcx sgi xpm xbm fits miff","First frame/page. JPG fills alpha with white; SVG embeds raster pixels. RAW samples without a header may require dimensions or a native exporter."
"nrw","Images","jpg png webp avif tiff gif bmp ico pdf svg heic jp2 jxl qoi exr hdr dpx tga psd eps ps pbm pgm ppm pnm pcx sgi xpm xbm fits miff","First frame/page. JPG fills alpha with white; SVG embeds raster pixels. RAW samples without a header may require dimensions or a native exporter."
"ora","Images","jpg png webp avif tiff gif bmp ico pdf svg heic jp2 jxl qoi exr hdr dpx tga psd eps ps pbm pgm ppm pnm pcx sgi xpm xbm fits miff","First frame/page. JPG fills alpha with white; SVG embeds raster pixels. RAW samples without a header may require dimensions or a native exporter."
"orf","Images","jpg png webp avif tiff gif bmp ico pdf svg heic jp2 jxl qoi exr hdr dpx tga psd eps ps pbm pgm ppm pnm pcx sgi xpm xbm fits miff","First frame/page. JPG fills alpha with white; SVG embeds raster pixels. RAW samples without a header may require dimensions or a native exporter."
"otb","Images","jpg png webp avif tiff gif bmp ico pdf svg heic jp2 jxl qoi exr hdr dpx tga psd eps ps pbm pgm ppm pnm pcx sgi xpm xbm fits miff","First frame/page. JPG fills alpha with white; SVG embeds raster pixels. RAW samples without a header may require dimensions or a native exporter."
"pal","Images","jpg png webp avif tiff gif bmp ico pdf svg heic jp2 jxl qoi exr hdr dpx tga psd eps ps pbm pgm ppm pnm pcx sgi xpm xbm fits miff","First frame/page. JPG fills alpha with white; SVG embeds raster pixels. RAW samples without a header may require dimensions or a native exporter."
"palm","Images","jpg png webp avif tiff gif bmp ico pdf svg heic jp2 jxl qoi exr hdr dpx tga psd eps ps pbm pgm ppm pnm pcx sgi xpm xbm fits miff","First frame/page. JPG fills alpha with white; SVG embeds raster pixels. RAW samples without a header may require dimensions or a native exporter."
"pam","Images","jpg png webp avif tiff gif bmp ico pdf svg heic jp2 jxl qoi exr hdr dpx tga psd eps ps pbm pgm ppm pnm pcx sgi xpm xbm fits miff","First frame/page. JPG fills alpha with white; SVG embeds raster pixels. RAW samples without a header may require dimensions or a native exporter."
"pbm","Images","jpg png webp avif tiff gif bmp ico pdf svg heic jp2 jxl qoi exr hdr dpx tga psd eps ps pgm ppm pnm pcx sgi xpm xbm fits miff","First frame/page. JPG fills alpha with white; SVG embeds raster pixels. RAW samples without a header may require dimensions or a native exporter."
"pcd","Images","jpg png webp avif tiff gif bmp ico pdf svg heic jp2 jxl qoi exr hdr dpx tga psd eps ps pbm pgm ppm pnm pcx sgi xpm xbm fits miff","First frame/page. JPG fills alpha with white; SVG embeds raster pixels. RAW samples without a header may require dimensions or a native exporter."
"pcds","Images","jpg png webp avif tiff gif bmp ico pdf svg heic jp2 jxl qoi exr hdr dpx tga psd eps ps pbm pgm ppm pnm pcx sgi xpm xbm fits miff","First frame/page. JPG fills alpha with white; SVG embeds raster pixels. RAW samples without a header may require dimensions or a native exporter."
"pcl","Images","jpg png webp avif tiff gif bmp ico pdf svg heic jp2 jxl qoi exr hdr dpx tga psd eps ps pbm pgm ppm pnm pcx sgi xpm xbm fits miff","First frame/page. JPG fills alpha with white; SVG embeds raster pixels. RAW samples without a header may require dimensions or a native exporter."
"pct","Images","jpg png webp avif tiff gif bmp ico pdf svg heic jp2 jxl qoi exr hdr dpx tga psd eps ps pbm pgm ppm pnm pcx sgi xpm xbm fits miff","First frame/page. JPG fills alpha with white; SVG embeds raster pixels. RAW samples without a header may require dimensions or a native exporter."
"pcx","Images","jpg png webp avif tiff gif bmp ico pdf svg heic jp2 jxl qoi exr hdr dpx tga psd eps ps pbm pgm ppm pnm sgi xpm xbm fits miff","First frame/page. JPG fills alpha with white; SVG embeds raster pixels. RAW samples without a header may require dimensions or a native exporter."
"pdfa","Images","jpg png webp avif tiff gif bmp ico pdf svg heic jp2 jxl qoi exr hdr dpx tga psd eps ps pbm pgm ppm pnm pcx sgi xpm xbm fits miff","First frame/page. JPG fills alpha with white; SVG embeds raster pixels. RAW samples without a header may require dimensions or a native exporter."
"pef","Images","jpg png webp avif tiff gif bmp ico pdf svg heic jp2 jxl qoi exr hdr dpx tga psd eps ps pbm pgm ppm pnm pcx sgi xpm xbm fits miff","First frame/page. JPG fills alpha with white; SVG embeds raster pixels. RAW samples without a header may require dimensions or a native exporter."
"pes","Images","jpg png webp avif tiff gif bmp ico pdf svg heic jp2 jxl qoi exr hdr dpx tga psd eps ps pbm pgm ppm pnm pcx sgi xpm xbm fits miff","First frame/page. JPG fills alpha with white; SVG embeds raster pixels. RAW samples without a header may require dimensions or a native exporter."
"pfa","Images","jpg png webp avif tiff gif bmp ico pdf svg heic jp2 jxl qoi exr hdr dpx tga psd eps ps pbm pgm ppm pnm pcx sgi xpm xbm fits miff","First frame/page. JPG fills alpha with white; SVG embeds raster pixels. RAW samples without a header may require dimensions or a native exporter."
"pfb","Images","jpg png webp avif tiff gif bmp ico pdf svg heic jp2 jxl qoi exr hdr dpx tga psd eps ps pbm pgm ppm pnm pcx sgi xpm xbm fits miff","First frame/page. JPG fills alpha with white; SVG embeds raster pixels. RAW samples without a header may require dimensions or a native exporter."
"pfm","Images","jpg png webp avif tiff gif bmp ico pdf svg heic jp2 jxl qoi exr hdr dpx tga psd eps ps pbm pgm ppm pnm pcx sgi xpm xbm fits miff","First frame/page. JPG fills alpha with white; SVG embeds raster pixels. RAW samples without a header may require dimensions or a native exporter."
"pgm","Images","jpg png webp avif tiff gif bmp ico pdf svg heic jp2 jxl qoi exr hdr dpx tga psd eps ps pbm ppm pnm pcx sgi xpm xbm fits miff","First frame/page. JPG fills alpha with white; SVG embeds raster pixels. RAW samples without a header may require dimensions or a native exporter."
"pgx","Images","jpg png webp avif tiff gif bmp ico pdf svg heic jp2 jxl qoi exr hdr dpx tga psd eps ps pbm pgm ppm pnm pcx sgi xpm xbm fits miff","First frame/page. JPG fills alpha with white; SVG embeds raster pixels. RAW samples without a header may require dimensions or a native exporter."
"phm","Images","jpg png webp avif tiff gif bmp ico pdf svg heic jp2 jxl qoi exr hdr dpx tga psd eps ps pbm pgm ppm pnm pcx sgi xpm xbm fits miff","First frame/page. JPG fills alpha with white; SVG embeds raster pixels. RAW samples without a header may require dimensions or a native exporter."
"picon","Images","jpg png webp avif tiff gif bmp ico pdf svg heic jp2 jxl qoi exr hdr dpx tga psd eps ps pbm pgm ppm pnm pcx sgi xpm xbm fits miff","First frame/page. JPG fills alpha with white; SVG embeds raster pixels. RAW samples without a header may require dimensions or a native exporter."
"pict","Images","jpg png webp avif tiff gif bmp ico pdf svg heic jp2 jxl qoi exr hdr dpx tga psd eps ps pbm pgm ppm pnm pcx sgi xpm xbm fits miff","First frame/page. JPG fills alpha with white; SVG embeds raster pixels. RAW samples without a header may require dimensions or a native exporter."
"pix","Images","jpg png webp avif tiff gif bmp ico pdf svg heic jp2 jxl qoi exr hdr dpx tga psd eps ps pbm pgm ppm pnm pcx sgi xpm xbm fits miff","First frame/page. JPG fills alpha with white; SVG embeds raster pixels. RAW samples without a header may require dimensions or a native exporter."
"pjpeg","Images","jpg png webp avif tiff gif bmp ico pdf svg heic jp2 jxl qoi exr hdr dpx tga psd eps ps pbm pgm ppm pnm pcx sgi xpm xbm fits miff","First frame/page. JPG fills alpha with white; SVG embeds raster pixels. RAW samples without a header may require dimensions or a native exporter."
"png00","Images","jpg png webp avif tiff gif bmp ico pdf svg heic jp2 jxl qoi exr hdr dpx tga psd eps ps pbm pgm ppm pnm pcx sgi xpm xbm fits miff","First frame/page. JPG fills alpha with white; SVG embeds raster pixels. RAW samples without a header may require dimensions or a native exporter."
"png24","Images","jpg png webp avif tiff gif bmp ico pdf svg heic jp2 jxl qoi exr hdr dpx tga psd eps ps pbm pgm ppm pnm pcx sgi xpm xbm fits miff","First frame/page. JPG fills alpha with white; SVG embeds raster pixels. RAW samples without a header may require dimensions or a native exporter."
"png32","Images","jpg png webp avif tiff gif bmp ico pdf svg heic jp2 jxl qoi exr hdr dpx tga psd eps ps pbm pgm ppm pnm pcx sgi xpm xbm fits miff","First frame/page. JPG fills alpha with white; SVG embeds raster pixels. RAW samples without a header may require dimensions or a native exporter."
"png48","Images","jpg png webp avif tiff gif bmp ico pdf svg heic jp2 jxl qoi exr hdr dpx tga psd eps ps pbm pgm ppm pnm pcx sgi xpm xbm fits miff","First frame/page. JPG fills alpha with white; SVG embeds raster pixels. RAW samples without a header may require dimensions or a native exporter."
"png64","Images","jpg png webp avif tiff gif bmp ico pdf svg heic jp2 jxl qoi exr hdr dpx tga psd eps ps pbm pgm ppm pnm pcx sgi xpm xbm fits miff","First frame/page. JPG fills alpha with white; SVG embeds raster pixels. RAW samples without a header may require dimensions or a native exporter."
"png8","Images","jpg png webp avif tiff gif bmp ico pdf svg heic jp2 jxl qoi exr hdr dpx tga psd eps ps pbm pgm ppm pnm pcx sgi xpm xbm fits miff","First frame/page. JPG fills alpha with white; SVG embeds raster pixels. RAW samples without a header may require dimensions or a native exporter."
"pnm","Images","jpg png webp avif tiff gif bmp ico pdf svg heic jp2 jxl qoi exr hdr dpx tga psd eps ps pbm pgm ppm pcx sgi xpm xbm fits miff","First frame/page. JPG fills alpha with white; SVG embeds raster pixels. RAW samples without a header may require dimensions or a native exporter."
"pocketmod","Images","jpg png webp avif tiff gif bmp ico pdf svg heic jp2 jxl qoi exr hdr dpx tga psd eps ps pbm pgm ppm pnm pcx sgi xpm xbm fits miff","First frame/page. JPG fills alpha with white; SVG embeds raster pixels. RAW samples without a header may require dimensions or a native exporter."
"ppm","Images","jpg png webp avif tiff gif bmp ico pdf svg heic jp2 jxl qoi exr hdr dpx tga psd eps ps pbm pgm pnm pcx sgi xpm xbm fits miff","First frame/page. JPG fills alpha with white; SVG embeds raster pixels. RAW samples without a header may require dimensions or a native exporter."
"ps","Images","jpg png webp avif tiff gif bmp ico pdf svg heic jp2 jxl qoi exr hdr dpx tga psd eps pbm pgm ppm pnm pcx sgi xpm xbm fits miff","First frame/page. JPG fills alpha with white; SVG embeds raster pixels. RAW samples without a header may require dimensions or a native exporter."
"psb","Images","jpg png webp avif tiff gif bmp ico pdf svg heic jp2 jxl qoi exr hdr dpx tga psd eps ps pbm pgm ppm pnm pcx sgi xpm xbm fits miff","First frame/page. JPG fills alpha with white; SVG embeds raster pixels. RAW samples without a header may require dimensions or a native exporter."
"psd","Images","jpg png webp avif tiff gif bmp ico pdf svg heic jp2 jxl qoi exr hdr dpx tga eps ps pbm pgm ppm pnm pcx sgi xpm xbm fits miff","First frame/page. JPG fills alpha with white; SVG embeds raster pixels. RAW samples without a header may require dimensions or a native exporter."
"ptif","Images","jpg png webp avif tiff gif bmp ico pdf svg heic jp2 jxl qoi exr hdr dpx tga psd eps ps pbm pgm ppm pnm pcx sgi xpm xbm fits miff","First frame/page. JPG fills alpha with white; SVG embeds raster pixels. RAW samples without a header may require dimensions or a native exporter."
"pwp","Images","jpg png webp avif tiff gif bmp ico pdf svg heic jp2 jxl qoi exr hdr dpx tga psd eps ps pbm pgm ppm pnm pcx sgi xpm xbm fits miff","First frame/page. JPG fills alpha with white; SVG embeds raster pixels. RAW samples without a header may require dimensions or a native exporter."
"qoi","Images","jpg png webp avif tiff gif bmp ico pdf svg heic jp2 jxl exr hdr dpx tga psd eps ps pbm pgm ppm pnm pcx sgi xpm xbm fits miff","First frame/page. JPG fills alpha with white; SVG embeds raster pixels. RAW samples without a header may require dimensions or a native exporter."
"raf","Images","jpg png webp avif tiff gif bmp ico pdf svg heic jp2 jxl qoi exr hdr dpx tga psd eps ps pbm pgm ppm pnm pcx sgi xpm xbm fits miff","First frame/page. JPG fills alpha with white; SVG embeds raster pixels. RAW samples without a header may require dimensions or a native exporter."
"ras","Images","jpg png webp avif tiff gif bmp ico pdf svg heic jp2 jxl qoi exr hdr dpx tga psd eps ps pbm pgm ppm pnm pcx sgi xpm xbm fits miff","First frame/page. JPG fills alpha with white; SVG embeds raster pixels. RAW samples without a header may require dimensions or a native exporter."
"raw","Images","jpg png webp avif tiff gif bmp ico pdf svg heic jp2 jxl qoi exr hdr dpx tga psd eps ps pbm pgm ppm pnm pcx sgi xpm xbm fits miff","First frame/page. JPG fills alpha with white; SVG embeds raster pixels. RAW samples without a header may require dimensions or a native exporter."
"rgb565","Images","jpg png webp avif tiff gif bmp ico pdf svg heic jp2 jxl qoi exr hdr dpx tga psd eps ps pbm pgm ppm pnm pcx sgi xpm xbm fits miff","First frame/page. JPG fills alpha with white; SVG embeds raster pixels. RAW samples without a header may require dimensions or a native exporter."
"rgf","Images","jpg png webp avif tiff gif bmp ico pdf svg heic jp2 jxl qoi exr hdr dpx tga psd eps ps pbm pgm ppm pnm pcx sgi xpm xbm fits miff","First frame/page. JPG fills alpha with white; SVG embeds raster pixels. RAW samples without a header may require dimensions or a native exporter."
"rla","Images","jpg png webp avif tiff gif bmp ico pdf svg heic jp2 jxl qoi exr hdr dpx tga psd eps ps pbm pgm ppm pnm pcx sgi xpm xbm fits miff","First frame/page. JPG fills alpha with white; SVG embeds raster pixels. RAW samples without a header may require dimensions or a native exporter."
"rle","Images","jpg png webp avif tiff gif bmp ico pdf svg heic jp2 jxl qoi exr hdr dpx tga psd eps ps pbm pgm ppm pnm pcx sgi xpm xbm fits miff","First frame/page. JPG fills alpha with white; SVG embeds raster pixels. RAW samples without a header may require dimensions or a native exporter."
"rmf","Images","jpg png webp avif tiff gif bmp ico pdf svg heic jp2 jxl qoi exr hdr dpx tga psd eps ps pbm pgm ppm pnm pcx sgi xpm xbm fits miff","First frame/page. JPG fills alpha with white; SVG embeds raster pixels. RAW samples without a header may require dimensions or a native exporter."
"rsvg","Images","jpg png webp avif tiff gif bmp ico pdf svg heic jp2 jxl qoi exr hdr dpx tga psd eps ps pbm pgm ppm pnm pcx sgi xpm xbm fits miff","First frame/page. JPG fills alpha with white; SVG embeds raster pixels. RAW samples without a header may require dimensions or a native exporter."
"rw2","Images","jpg png webp avif tiff gif bmp ico pdf svg heic jp2 jxl qoi exr hdr dpx tga psd eps ps pbm pgm ppm pnm pcx sgi xpm xbm fits miff","First frame/page. JPG fills alpha with white; SVG embeds raster pixels. RAW samples without a header may require dimensions or a native exporter."
"rwl","Images","jpg png webp avif tiff gif bmp ico pdf svg heic jp2 jxl qoi exr hdr dpx tga psd eps ps pbm pgm ppm pnm pcx sgi xpm xbm fits miff","First frame/page. JPG fills alpha with white; SVG embeds raster pixels. RAW samples without a header may require dimensions or a native exporter."
"scr","Images","jpg png webp avif tiff gif bmp ico pdf svg heic jp2 jxl qoi exr hdr dpx tga psd eps ps pbm pgm ppm pnm pcx sgi xpm xbm fits miff","First frame/page. JPG fills alpha with white; SVG embeds raster pixels. RAW samples without a header may require dimensions or a native exporter."
"sct","Images","jpg png webp avif tiff gif bmp ico pdf svg heic jp2 jxl qoi exr hdr dpx tga psd eps ps pbm pgm ppm pnm pcx sgi xpm xbm fits miff","First frame/page. JPG fills alpha with white; SVG embeds raster pixels. RAW samples without a header may require dimensions or a native exporter."
"sf3","Images","jpg png webp avif tiff gif bmp ico pdf svg heic jp2 jxl qoi exr hdr dpx tga psd eps ps pbm pgm ppm pnm pcx sgi xpm xbm fits miff","First frame/page. JPG fills alpha with white; SVG embeds raster pixels. RAW samples without a header may require dimensions or a native exporter."
"sfw","Images","jpg png webp avif tiff gif bmp ico pdf svg heic jp2 jxl qoi exr hdr dpx tga psd eps ps pbm pgm ppm pnm pcx sgi xpm xbm fits miff","First frame/page. JPG fills alpha with white; SVG embeds raster pixels. RAW samples without a header may require dimensions or a native exporter."
"sgi","Images","jpg png webp avif tiff gif bmp ico pdf svg heic jp2 jxl qoi exr hdr dpx tga psd eps ps pbm pgm ppm pnm pcx xpm xbm fits miff","First frame/page. JPG fills alpha with white; SVG embeds raster pixels. RAW samples without a header may require dimensions or a native exporter."
"six","Images","jpg png webp avif tiff gif bmp ico pdf svg heic jp2 jxl qoi exr hdr dpx tga psd eps ps pbm pgm ppm pnm pcx sgi xpm xbm fits miff","First frame/page. JPG fills alpha with white; SVG embeds raster pixels. RAW samples without a header may require dimensions or a native exporter."
"sixel","Images","jpg png webp avif tiff gif bmp ico pdf svg heic jp2 jxl qoi exr hdr dpx tga psd eps ps pbm pgm ppm pnm pcx sgi xpm xbm fits miff","First frame/page. JPG fills alpha with white; SVG embeds raster pixels. RAW samples without a header may require dimensions or a native exporter."
"sr2","Images","jpg png webp avif tiff gif bmp ico pdf svg heic jp2 jxl qoi exr hdr dpx tga psd eps ps pbm pgm ppm pnm pcx sgi xpm xbm fits miff","First frame/page. JPG fills alpha with white; SVG embeds raster pixels. RAW samples without a header may require dimensions or a native exporter."
"srf","Images","jpg png webp avif tiff gif bmp ico pdf svg heic jp2 jxl qoi exr hdr dpx tga psd eps ps pbm pgm ppm pnm pcx sgi xpm xbm fits miff","First frame/page. JPG fills alpha with white; SVG embeds raster pixels. RAW samples without a header may require dimensions or a native exporter."
"srw","Images","jpg png webp avif tiff gif bmp ico pdf svg heic jp2 jxl qoi exr hdr dpx tga psd eps ps pbm pgm ppm pnm pcx sgi xpm xbm fits miff","First frame/page. JPG fills alpha with white; SVG embeds raster pixels. RAW samples without a header may require dimensions or a native exporter."
"sun","Images","jpg png webp avif tiff gif bmp ico pdf svg heic jp2 jxl qoi exr hdr dpx tga psd eps ps pbm pgm ppm pnm pcx sgi xpm xbm fits miff","First frame/page. JPG fills alpha with white; SVG embeds raster pixels. RAW samples without a header may require dimensions or a native exporter."
"svgz","Images","jpg png webp avif tiff gif bmp ico pdf svg heic jp2 jxl qoi exr hdr dpx tga psd eps ps pbm pgm ppm pnm pcx sgi xpm xbm fits miff","First frame/page. JPG fills alpha with white; SVG embeds raster pixels. RAW samples without a header may require dimensions or a native exporter."
"tga","Images","jpg png webp avif tiff gif bmp ico pdf svg heic jp2 jxl qoi exr hdr dpx psd eps ps pbm pgm ppm pnm pcx sgi xpm xbm fits miff","First frame/page. JPG fills alpha with white; SVG embeds raster pixels. RAW samples without a header may require dimensions or a native exporter."
"tiff64","Images","jpg png webp avif tiff gif bmp ico pdf svg heic jp2 jxl qoi exr hdr dpx tga psd eps ps pbm pgm ppm pnm pcx sgi xpm xbm fits miff","First frame/page. JPG fills alpha with white; SVG embeds raster pixels. RAW samples without a header may require dimensions or a native exporter."
"tim","Images","jpg png webp avif tiff gif bmp ico pdf svg heic jp2 jxl qoi exr hdr dpx tga psd eps ps pbm pgm ppm pnm pcx sgi xpm xbm fits miff","First frame/page. JPG fills alpha with white; SVG embeds raster pixels. RAW samples without a header may require dimensions or a native exporter."
"tm2","Images","jpg png webp avif tiff gif bmp ico pdf svg heic jp2 jxl qoi exr hdr dpx tga psd eps ps pbm pgm ppm pnm pcx sgi xpm xbm fits miff","First frame/page. JPG fills alpha with white; SVG embeds raster pixels. RAW samples without a header may require dimensions or a native exporter."
"uhdr","Images","jpg png webp avif tiff gif bmp ico pdf svg heic jp2 jxl qoi exr hdr dpx tga psd eps ps pbm pgm ppm pnm pcx sgi xpm xbm fits miff","First frame/page. JPG fills alpha with white; SVG embeds raster pixels. RAW samples without a header may require dimensions or a native exporter."
"uyvy","Images","jpg png webp avif tiff gif bmp ico pdf svg heic jp2 jxl qoi exr hdr dpx tga psd eps ps pbm pgm ppm pnm pcx sgi xpm xbm fits miff","First frame/page. JPG fills alpha with white; SVG embeds raster pixels. RAW samples without a header may require dimensions or a native exporter."
"vda","Images","jpg png webp avif tiff gif bmp ico pdf svg heic jp2 jxl qoi exr hdr dpx tga psd eps ps pbm pgm ppm pnm pcx sgi xpm xbm fits miff","First frame/page. JPG fills alpha with white; SVG embeds raster pixels. RAW samples without a header may require dimensions or a native exporter."
"vicar","Images","jpg png webp avif tiff gif bmp ico pdf svg heic jp2 jxl qoi exr hdr dpx tga psd eps ps pbm pgm ppm pnm pcx sgi xpm xbm fits miff","First frame/page. JPG fills alpha with white; SVG embeds raster pixels. RAW samples without a header may require dimensions or a native exporter."
"viff","Images","jpg png webp avif tiff gif bmp ico pdf svg heic jp2 jxl qoi exr hdr dpx tga psd eps ps pbm pgm ppm pnm pcx sgi xpm xbm fits miff","First frame/page. JPG fills alpha with white; SVG embeds raster pixels. RAW samples without a header may require dimensions or a native exporter."
"vips","Images","jpg png webp avif tiff gif bmp ico pdf svg heic jp2 jxl qoi exr hdr dpx tga psd eps ps pbm pgm ppm pnm pcx sgi xpm xbm fits miff","First frame/page. JPG fills alpha with white; SVG embeds raster pixels. RAW samples without a header may require dimensions or a native exporter."
"vst","Images","jpg png webp avif tiff gif bmp ico pdf svg heic jp2 jxl qoi exr hdr dpx tga psd eps ps pbm pgm ppm pnm pcx sgi xpm xbm fits miff","First frame/page. JPG fills alpha with white; SVG embeds raster pixels. RAW samples without a header may require dimensions or a native exporter."
"wbinfo","Images","jpg png webp avif tiff gif bmp ico pdf svg heic jp2 jxl qoi exr hdr dpx tga psd eps ps pbm pgm ppm pnm pcx sgi xpm xbm fits miff","First frame/page. JPG fills alpha with white; SVG embeds raster pixels. RAW samples without a header may require dimensions or a native exporter."
"wbmp","Images","jpg png webp avif tiff gif bmp ico pdf svg heic jp2 jxl qoi exr hdr dpx tga psd eps ps pbm pgm ppm pnm pcx sgi xpm xbm fits miff","First frame/page. JPG fills alpha with white; SVG embeds raster pixels. RAW samples without a header may require dimensions or a native exporter."
"x3f","Images","jpg png webp avif tiff gif bmp ico pdf svg heic jp2 jxl qoi exr hdr dpx tga psd eps ps pbm pgm ppm pnm pcx sgi xpm xbm fits miff","First frame/page. JPG fills alpha with white; SVG embeds raster pixels. RAW samples without a header may require dimensions or a native exporter."
"xbm","Images","jpg png webp avif tiff gif bmp ico pdf svg heic jp2 jxl qoi exr hdr dpx tga psd eps ps pbm pgm ppm pnm pcx sgi xpm fits miff","First frame/page. JPG fills alpha with white; SVG embeds raster pixels. RAW samples without a header may require dimensions or a native exporter."
"xcf","Images","jpg png webp avif tiff gif bmp ico pdf svg heic jp2 jxl qoi exr hdr dpx tga psd eps ps pbm pgm ppm pnm pcx sgi xpm xbm fits miff","First frame/page. JPG fills alpha with white; SVG embeds raster pixels. RAW samples without a header may require dimensions or a native exporter."
"xpm","Images","jpg png webp avif tiff gif bmp ico pdf svg heic jp2 jxl qoi exr hdr dpx tga psd eps ps pbm pgm ppm pnm pcx sgi xbm fits miff","First frame/page. JPG fills alpha with white; SVG embeds raster pixels. RAW samples without a header may require dimensions or a native exporter."
"xps","Images","jpg png webp avif tiff gif bmp ico pdf svg heic jp2 jxl qoi exr hdr dpx tga psd eps ps pbm pgm ppm pnm pcx sgi xpm xbm fits miff","First frame/page. JPG fills alpha with white; SVG embeds raster pixels. RAW samples without a header may require dimensions or a native exporter."
"xv","Images","jpg png webp avif tiff gif bmp ico pdf svg heic jp2 jxl qoi exr hdr dpx tga psd eps ps pbm pgm ppm pnm pcx sgi xpm xbm fits miff","First frame/page. JPG fills alpha with white; SVG embeds raster pixels. RAW samples without a header may require dimensions or a native exporter."
"yuv","Images","jpg png webp avif tiff gif bmp ico pdf svg heic jp2 jxl qoi exr hdr dpx tga psd eps ps pbm pgm ppm pnm pcx sgi xpm xbm fits miff","First frame/page. JPG fills alpha with white; SVG embeds raster pixels. RAW samples without a header may require dimensions or a native exporter."
"mp4","Video","mkv mov webm avi mpeg flv ts wmv mp3 wav flac aac m4a ogg opus aiff wma ac3 caf gif png jpg","Video destinations require a video stream. Audio destinations require an audio stream. PNG/JPG save one still; GIF exports the first 15 seconds."
"mkv","Video","mp4 mov webm avi mpeg flv ts wmv mp3 wav flac aac m4a ogg opus aiff wma ac3 caf gif png jpg","Video destinations require a video stream. Audio destinations require an audio stream. PNG/JPG save one still; GIF exports the first 15 seconds."
"mov","Video","mp4 mkv webm avi mpeg flv ts wmv mp3 wav flac aac m4a ogg opus aiff wma ac3 caf gif png jpg","Video destinations require a video stream. Audio destinations require an audio stream. PNG/JPG save one still; GIF exports the first 15 seconds."
"webm","Video","mp4 mkv mov avi mpeg flv ts wmv mp3 wav flac aac m4a ogg opus aiff wma ac3 caf gif png jpg","Video destinations require a video stream. Audio destinations require an audio stream. PNG/JPG save one still; GIF exports the first 15 seconds."
"avi","Video","mp4 mkv mov webm mpeg flv ts wmv mp3 wav flac aac m4a ogg opus aiff wma ac3 caf gif png jpg","Video destinations require a video stream. Audio destinations require an audio stream. PNG/JPG save one still; GIF exports the first 15 seconds."
"m4v","Video","mp4 mkv mov webm avi mpeg flv ts wmv mp3 wav flac aac m4a ogg opus aiff wma ac3 caf gif png jpg","Video destinations require a video stream. Audio destinations require an audio stream. PNG/JPG save one still; GIF exports the first 15 seconds."
"mpg","Video","mp4 mkv mov webm avi mpeg flv ts wmv mp3 wav flac aac m4a ogg opus aiff wma ac3 caf gif png jpg","Video destinations require a video stream. Audio destinations require an audio stream. PNG/JPG save one still; GIF exports the first 15 seconds."
"mpeg","Video","mp4 mkv mov webm avi flv ts wmv mp3 wav flac aac m4a ogg opus aiff wma ac3 caf gif png jpg","Video destinations require a video stream. Audio destinations require an audio stream. PNG/JPG save one still; GIF exports the first 15 seconds."
"flv","Video","mp4 mkv mov webm avi mpeg ts wmv mp3 wav flac aac m4a ogg opus aiff wma ac3 caf gif png jpg","Video destinations require a video stream. Audio destinations require an audio stream. PNG/JPG save one still; GIF exports the first 15 seconds."
"3gp","Video","mp4 mkv mov webm avi mpeg flv ts wmv mp3 wav flac aac m4a ogg opus aiff wma ac3 caf gif png jpg","Video destinations require a video stream. Audio destinations require an audio stream. PNG/JPG save one still; GIF exports the first 15 seconds."
"ts","Video","mp4 mkv mov webm avi mpeg flv wmv mp3 wav flac aac m4a ogg opus aiff wma ac3 caf gif png jpg","Video destinations require a video stream. Audio destinations require an audio stream. PNG/JPG save one still; GIF exports the first 15 seconds."
"mts","Video","mp4 mkv mov webm avi mpeg flv ts wmv mp3 wav flac aac m4a ogg opus aiff wma ac3 caf gif png jpg","Video destinations require a video stream. Audio destinations require an audio stream. PNG/JPG save one still; GIF exports the first 15 seconds."
"m2ts","Video","mp4 mkv mov webm avi mpeg flv ts wmv mp3 wav flac aac m4a ogg opus aiff wma ac3 caf gif png jpg","Video destinations require a video stream. Audio destinations require an audio stream. PNG/JPG save one still; GIF exports the first 15 seconds."
"vob","Video","mp4 mkv mov webm avi mpeg flv ts wmv mp3 wav flac aac m4a ogg opus aiff wma ac3 caf gif png jpg","Video destinations require a video stream. Audio destinations require an audio stream. PNG/JPG save one still; GIF exports the first 15 seconds."
"wmv","Video","mp4 mkv mov webm avi mpeg flv ts mp3 wav flac aac m4a ogg opus aiff wma ac3 caf gif png jpg","Video destinations require a video stream. Audio destinations require an audio stream. PNG/JPG save one still; GIF exports the first 15 seconds."
"ogv","Video","mp4 mkv mov webm avi mpeg flv ts wmv mp3 wav flac aac m4a ogg opus aiff wma ac3 caf gif png jpg","Video destinations require a video stream. Audio destinations require an audio stream. PNG/JPG save one still; GIF exports the first 15 seconds."
"3dostr","Video","mp4 mkv mov webm avi mpeg flv ts wmv mp3 wav flac aac m4a ogg opus aiff wma ac3 caf gif png jpg","Video destinations require a video stream. Audio destinations require an audio stream. PNG/JPG save one still; GIF exports the first 15 seconds."
"4xm","Video","mp4 mkv mov webm avi mpeg flv ts wmv mp3 wav flac aac m4a ogg opus aiff wma ac3 caf gif png jpg","Video destinations require a video stream. Audio destinations require an audio stream. PNG/JPG save one still; GIF exports the first 15 seconds."
"aa","Video","mp4 mkv mov webm avi mpeg flv ts wmv mp3 wav flac aac m4a ogg opus aiff wma ac3 caf gif png jpg","Video destinations require a video stream. Audio destinations require an audio stream. PNG/JPG save one still; GIF exports the first 15 seconds."
"aax","Video","mp4 mkv mov webm avi mpeg flv ts wmv mp3 wav flac aac m4a ogg opus aiff wma ac3 caf gif png jpg","Video destinations require a video stream. Audio destinations require an audio stream. PNG/JPG save one still; GIF exports the first 15 seconds."
"ac4","Video","mp4 mkv mov webm avi mpeg flv ts wmv mp3 wav flac aac m4a ogg opus aiff wma ac3 caf gif png jpg","Video destinations require a video stream. Audio destinations require an audio stream. PNG/JPG save one still; GIF exports the first 15 seconds."
"acm","Video","mp4 mkv mov webm avi mpeg flv ts wmv mp3 wav flac aac m4a ogg opus aiff wma ac3 caf gif png jpg","Video destinations require a video stream. Audio destinations require an audio stream. PNG/JPG save one still; GIF exports the first 15 seconds."
"act","Video","mp4 mkv mov webm avi mpeg flv ts wmv mp3 wav flac aac m4a ogg opus aiff wma ac3 caf gif png jpg","Video destinations require a video stream. Audio destinations require an audio stream. PNG/JPG save one still; GIF exports the first 15 seconds."
"adf","Video","mp4 mkv mov webm avi mpeg flv ts wmv mp3 wav flac aac m4a ogg opus aiff wma ac3 caf gif png jpg","Video destinations require a video stream. Audio destinations require an audio stream. PNG/JPG save one still; GIF exports the first 15 seconds."
"adp","Video","mp4 mkv mov webm avi mpeg flv ts wmv mp3 wav flac aac m4a ogg opus aiff wma ac3 caf gif png jpg","Video destinations require a video stream. Audio destinations require an audio stream. PNG/JPG save one still; GIF exports the first 15 seconds."
"ads","Video","mp4 mkv mov webm avi mpeg flv ts wmv mp3 wav flac aac m4a ogg opus aiff wma ac3 caf gif png jpg","Video destinations require a video stream. Audio destinations require an audio stream. PNG/JPG save one still; GIF exports the first 15 seconds."
"adx","Video","mp4 mkv mov webm avi mpeg flv ts wmv mp3 wav flac aac m4a ogg opus aiff wma ac3 caf gif png jpg","Video destinations require a video stream. Audio destinations require an audio stream. PNG/JPG save one still; GIF exports the first 15 seconds."
"afc","Video","mp4 mkv mov webm avi mpeg flv ts wmv mp3 wav flac aac m4a ogg opus aiff wma ac3 caf gif png jpg","Video destinations require a video stream. Audio destinations require an audio stream. PNG/JPG save one still; GIF exports the first 15 seconds."
"aix","Video","mp4 mkv mov webm avi mpeg flv ts wmv mp3 wav flac aac m4a ogg opus aiff wma ac3 caf gif png jpg","Video destinations require a video stream. Audio destinations require an audio stream. PNG/JPG save one still; GIF exports the first 15 seconds."
"alp","Video","mp4 mkv mov webm avi mpeg flv ts wmv mp3 wav flac aac m4a ogg opus aiff wma ac3 caf gif png jpg","Video destinations require a video stream. Audio destinations require an audio stream. PNG/JPG save one still; GIF exports the first 15 seconds."
"amrnb","Video","mp4 mkv mov webm avi mpeg flv ts wmv mp3 wav flac aac m4a ogg opus aiff wma ac3 caf gif png jpg","Video destinations require a video stream. Audio destinations require an audio stream. PNG/JPG save one still; GIF exports the first 15 seconds."
"amrwb","Video","mp4 mkv mov webm avi mpeg flv ts wmv mp3 wav flac aac m4a ogg opus aiff wma ac3 caf gif png jpg","Video destinations require a video stream. Audio destinations require an audio stream. PNG/JPG save one still; GIF exports the first 15 seconds."
"anm","Video","mp4 mkv mov webm avi mpeg flv ts wmv mp3 wav flac aac m4a ogg opus aiff wma ac3 caf gif png jpg","Video destinations require a video stream. Audio destinations require an audio stream. PNG/JPG save one still; GIF exports the first 15 seconds."
"apac","Video","mp4 mkv mov webm avi mpeg flv ts wmv mp3 wav flac aac m4a ogg opus aiff wma ac3 caf gif png jpg","Video destinations require a video stream. Audio destinations require an audio stream. PNG/JPG save one still; GIF exports the first 15 seconds."
"apc","Video","mp4 mkv mov webm avi mpeg flv ts wmv mp3 wav flac aac m4a ogg opus aiff wma ac3 caf gif png jpg","Video destinations require a video stream. Audio destinations require an audio stream. PNG/JPG save one still; GIF exports the first 15 seconds."
"apm","Video","mp4 mkv mov webm avi mpeg flv ts wmv mp3 wav flac aac m4a ogg opus aiff wma ac3 caf gif png jpg","Video destinations require a video stream. Audio destinations require an audio stream. PNG/JPG save one still; GIF exports the first 15 seconds."
"apng","Video","mp4 mkv mov webm avi mpeg flv ts wmv mp3 wav flac aac m4a ogg opus aiff wma ac3 caf gif png jpg","Video destinations require a video stream. Audio destinations require an audio stream. PNG/JPG save one still; GIF exports the first 15 seconds."
"aptx","Video","mp4 mkv mov webm avi mpeg flv ts wmv mp3 wav flac aac m4a ogg opus aiff wma ac3 caf gif png jpg","Video destinations require a video stream. Audio destinations require an audio stream. PNG/JPG save one still; GIF exports the first 15 seconds."
"aptx_hd","Video","mp4 mkv mov webm avi mpeg flv ts wmv mp3 wav flac aac m4a ogg opus aiff wma ac3 caf gif png jpg","Video destinations require a video stream. Audio destinations require an audio stream. PNG/JPG save one still; GIF exports the first 15 seconds."
"apv","Video","mp4 mkv mov webm avi mpeg flv ts wmv mp3 wav flac aac m4a ogg opus aiff wma ac3 caf gif png jpg","Video destinations require a video stream. Audio destinations require an audio stream. PNG/JPG save one still; GIF exports the first 15 seconds."
"argo_asf","Video","mp4 mkv mov webm avi mpeg flv ts wmv mp3 wav flac aac m4a ogg opus aiff wma ac3 caf gif png jpg","Video destinations require a video stream. Audio destinations require an audio stream. PNG/JPG save one still; GIF exports the first 15 seconds."
"argo_brp","Video","mp4 mkv mov webm avi mpeg flv ts wmv mp3 wav flac aac m4a ogg opus aiff wma ac3 caf gif png jpg","Video destinations require a video stream. Audio destinations require an audio stream. PNG/JPG save one still; GIF exports the first 15 seconds."
"argo_cvg","Video","mp4 mkv mov webm avi mpeg flv ts wmv mp3 wav flac aac m4a ogg opus aiff wma ac3 caf gif png jpg","Video destinations require a video stream. Audio destinations require an audio stream. PNG/JPG save one still; GIF exports the first 15 seconds."
"asf","Video","mp4 mkv mov webm avi mpeg flv ts wmv mp3 wav flac aac m4a ogg opus aiff wma ac3 caf gif png jpg","Video destinations require a video stream. Audio destinations require an audio stream. PNG/JPG save one still; GIF exports the first 15 seconds."
"asf_o","Video","mp4 mkv mov webm avi mpeg flv ts wmv mp3 wav flac aac m4a ogg opus aiff wma ac3 caf gif png jpg","Video destinations require a video stream. Audio destinations require an audio stream. PNG/JPG save one still; GIF exports the first 15 seconds."
"au","Video","mp4 mkv mov webm avi mpeg flv ts wmv mp3 wav flac aac m4a ogg opus aiff wma ac3 caf gif png jpg","Video destinations require a video stream. Audio destinations require an audio stream. PNG/JPG save one still; GIF exports the first 15 seconds."
"av1","Video","mp4 mkv mov webm avi mpeg flv ts wmv mp3 wav flac aac m4a ogg opus aiff wma ac3 caf gif png jpg","Video destinations require a video stream. Audio destinations require an audio stream. PNG/JPG save one still; GIF exports the first 15 seconds."
"d","Video","mp4 mkv mov webm avi mpeg flv ts wmv mp3 wav flac aac m4a ogg opus aiff wma ac3 caf gif png jpg","Video destinations require a video stream. Audio destinations require an audio stream. PNG/JPG save one still; GIF exports the first 15 seconds."
"avs2","Video","mp4 mkv mov webm avi mpeg flv ts wmv mp3 wav flac aac m4a ogg opus aiff wma ac3 caf gif png jpg","Video destinations require a video stream. Audio destinations require an audio stream. PNG/JPG save one still; GIF exports the first 15 seconds."
"avs3","Video","mp4 mkv mov webm avi mpeg flv ts wmv mp3 wav flac aac m4a ogg opus aiff wma ac3 caf gif png jpg","Video destinations require a video stream. Audio destinations require an audio stream. PNG/JPG save one still; GIF exports the first 15 seconds."
"bethsoftvid","Video","mp4 mkv mov webm avi mpeg flv ts wmv mp3 wav flac aac m4a ogg opus aiff wma ac3 caf gif png jpg","Video destinations require a video stream. Audio destinations require an audio stream. PNG/JPG save one still; GIF exports the first 15 seconds."
"bfi","Video","mp4 mkv mov webm avi mpeg flv ts wmv mp3 wav flac aac m4a ogg opus aiff wma ac3 caf gif png jpg","Video destinations require a video stream. Audio destinations require an audio stream. PNG/JPG save one still; GIF exports the first 15 seconds."
"bfstm","Video","mp4 mkv mov webm avi mpeg flv ts wmv mp3 wav flac aac m4a ogg opus aiff wma ac3 caf gif png jpg","Video destinations require a video stream. Audio destinations require an audio stream. PNG/JPG save one still; GIF exports the first 15 seconds."
"bink","Video","mp4 mkv mov webm avi mpeg flv ts wmv mp3 wav flac aac m4a ogg opus aiff wma ac3 caf gif png jpg","Video destinations require a video stream. Audio destinations require an audio stream. PNG/JPG save one still; GIF exports the first 15 seconds."
"bit","Video","mp4 mkv mov webm avi mpeg flv ts wmv mp3 wav flac aac m4a ogg opus aiff wma ac3 caf gif png jpg","Video destinations require a video stream. Audio destinations require an audio stream. PNG/JPG save one still; GIF exports the first 15 seconds."
"bitpacked","Video","mp4 mkv mov webm avi mpeg flv ts wmv mp3 wav flac aac m4a ogg opus aiff wma ac3 caf gif png jpg","Video destinations require a video stream. Audio destinations require an audio stream. PNG/JPG save one still; GIF exports the first 15 seconds."
"bmp_pipe","Video","mp4 mkv mov webm avi mpeg flv ts wmv mp3 wav flac aac m4a ogg opus aiff wma ac3 caf gif png jpg","Video destinations require a video stream. Audio destinations require an audio stream. PNG/JPG save one still; GIF exports the first 15 seconds."
"bmv","Video","mp4 mkv mov webm avi mpeg flv ts wmv mp3 wav flac aac m4a ogg opus aiff wma ac3 caf gif png jpg","Video destinations require a video stream. Audio destinations require an audio stream. PNG/JPG save one still; GIF exports the first 15 seconds."
"bonk","Video","mp4 mkv mov webm avi mpeg flv ts wmv mp3 wav flac aac m4a ogg opus aiff wma ac3 caf gif png jpg","Video destinations require a video stream. Audio destinations require an audio stream. PNG/JPG save one still; GIF exports the first 15 seconds."
"brender_pix","Video","mp4 mkv mov webm avi mpeg flv ts wmv mp3 wav flac aac m4a ogg opus aiff wma ac3 caf gif png jpg","Video destinations require a video stream. Audio destinations require an audio stream. PNG/JPG save one still; GIF exports the first 15 seconds."
"brstm","Video","mp4 mkv mov webm avi mpeg flv ts wmv mp3 wav flac aac m4a ogg opus aiff wma ac3 caf gif png jpg","Video destinations require a video stream. Audio destinations require an audio stream. PNG/JPG save one still; GIF exports the first 15 seconds."
"c93","Video","mp4 mkv mov webm avi mpeg flv ts wmv mp3 wav flac aac m4a ogg opus aiff wma ac3 caf gif png jpg","Video destinations require a video stream. Audio destinations require an audio stream. PNG/JPG save one still; GIF exports the first 15 seconds."
"cdg","Video","mp4 mkv mov webm avi mpeg flv ts wmv mp3 wav flac aac m4a ogg opus aiff wma ac3 caf gif png jpg","Video destinations require a video stream. Audio destinations require an audio stream. PNG/JPG save one still; GIF exports the first 15 seconds."
"cdxl","Video","mp4 mkv mov webm avi mpeg flv ts wmv mp3 wav flac aac m4a ogg opus aiff wma ac3 caf gif png jpg","Video destinations require a video stream. Audio destinations require an audio stream. PNG/JPG save one still; GIF exports the first 15 seconds."
"cine","Video","mp4 mkv mov webm avi mpeg flv ts wmv mp3 wav flac aac m4a ogg opus aiff wma ac3 caf gif png jpg","Video destinations require a video stream. Audio destinations require an audio stream. PNG/JPG save one still; GIF exports the first 15 seconds."
"codec2","Video","mp4 mkv mov webm avi mpeg flv ts wmv mp3 wav flac aac m4a ogg opus aiff wma ac3 caf gif png jpg","Video destinations require a video stream. Audio destinations require an audio stream. PNG/JPG save one still; GIF exports the first 15 seconds."
"codec2raw","Video","mp4 mkv mov webm avi mpeg flv ts wmv mp3 wav flac aac m4a ogg opus aiff wma ac3 caf gif png jpg","Video destinations require a video stream. Audio destinations require an audio stream. PNG/JPG save one still; GIF exports the first 15 seconds."
"cri_pipe","Video","mp4 mkv mov webm avi mpeg flv ts wmv mp3 wav flac aac m4a ogg opus aiff wma ac3 caf gif png jpg","Video destinations require a video stream. Audio destinations require an audio stream. PNG/JPG save one still; GIF exports the first 15 seconds."
"dcstr","Video","mp4 mkv mov webm avi mpeg flv ts wmv mp3 wav flac aac m4a ogg opus aiff wma ac3 caf gif png jpg","Video destinations require a video stream. Audio destinations require an audio stream. PNG/JPG save one still; GIF exports the first 15 seconds."
"dds_pipe","Video","mp4 mkv mov webm avi mpeg flv ts wmv mp3 wav flac aac m4a ogg opus aiff wma ac3 caf gif png jpg","Video destinations require a video stream. Audio destinations require an audio stream. PNG/JPG save one still; GIF exports the first 15 seconds."
"derf","Video","mp4 mkv mov webm avi mpeg flv ts wmv mp3 wav flac aac m4a ogg opus aiff wma ac3 caf gif png jpg","Video destinations require a video stream. Audio destinations require an audio stream. PNG/JPG save one still; GIF exports the first 15 seconds."
"dfa","Video","mp4 mkv mov webm avi mpeg flv ts wmv mp3 wav flac aac m4a ogg opus aiff wma ac3 caf gif png jpg","Video destinations require a video stream. Audio destinations require an audio stream. PNG/JPG save one still; GIF exports the first 15 seconds."
"dfpwm","Video","mp4 mkv mov webm avi mpeg flv ts wmv mp3 wav flac aac m4a ogg opus aiff wma ac3 caf gif png jpg","Video destinations require a video stream. Audio destinations require an audio stream. PNG/JPG save one still; GIF exports the first 15 seconds."
"dhav","Video","mp4 mkv mov webm avi mpeg flv ts wmv mp3 wav flac aac m4a ogg opus aiff wma ac3 caf gif png jpg","Video destinations require a video stream. Audio destinations require an audio stream. PNG/JPG save one still; GIF exports the first 15 seconds."
"dirac","Video","mp4 mkv mov webm avi mpeg flv ts wmv mp3 wav flac aac m4a ogg opus aiff wma ac3 caf gif png jpg","Video destinations require a video stream. Audio destinations require an audio stream. PNG/JPG save one still; GIF exports the first 15 seconds."
"dnxhd","Video","mp4 mkv mov webm avi mpeg flv ts wmv mp3 wav flac aac m4a ogg opus aiff wma ac3 caf gif png jpg","Video destinations require a video stream. Audio destinations require an audio stream. PNG/JPG save one still; GIF exports the first 15 seconds."
"dpx_pipe","Video","mp4 mkv mov webm avi mpeg flv ts wmv mp3 wav flac aac m4a ogg opus aiff wma ac3 caf gif png jpg","Video destinations require a video stream. Audio destinations require an audio stream. PNG/JPG save one still; GIF exports the first 15 seconds."
"dsf","Video","mp4 mkv mov webm avi mpeg flv ts wmv mp3 wav flac aac m4a ogg opus aiff wma ac3 caf gif png jpg","Video destinations require a video stream. Audio destinations require an audio stream. PNG/JPG save one still; GIF exports the first 15 seconds."
"dsicin","Video","mp4 mkv mov webm avi mpeg flv ts wmv mp3 wav flac aac m4a ogg opus aiff wma ac3 caf gif png jpg","Video destinations require a video stream. Audio destinations require an audio stream. PNG/JPG save one still; GIF exports the first 15 seconds."
"dss","Video","mp4 mkv mov webm avi mpeg flv ts wmv mp3 wav flac aac m4a ogg opus aiff wma ac3 caf gif png jpg","Video destinations require a video stream. Audio destinations require an audio stream. PNG/JPG save one still; GIF exports the first 15 seconds."
"dts","Video","mp4 mkv mov webm avi mpeg flv ts wmv mp3 wav flac aac m4a ogg opus aiff wma ac3 caf gif png jpg","Video destinations require a video stream. Audio destinations require an audio stream. PNG/JPG save one still; GIF exports the first 15 seconds."
"dtshd","Video","mp4 mkv mov webm avi mpeg flv ts wmv mp3 wav flac aac m4a ogg opus aiff wma ac3 caf gif png jpg","Video destinations require a video stream. Audio destinations require an audio stream. PNG/JPG save one still; GIF exports the first 15 seconds."
"dv","Video","mp4 mkv mov webm avi mpeg flv ts wmv mp3 wav flac aac m4a ogg opus aiff wma ac3 caf gif png jpg","Video destinations require a video stream. Audio destinations require an audio stream. PNG/JPG save one still; GIF exports the first 15 seconds."
"dvbsub","Video","mp4 mkv mov webm avi mpeg flv ts wmv mp3 wav flac aac m4a ogg opus aiff wma ac3 caf gif png jpg","Video destinations require a video stream. Audio destinations require an audio stream. PNG/JPG save one still; GIF exports the first 15 seconds."
"dvbtxt","Video","mp4 mkv mov webm avi mpeg flv ts wmv mp3 wav flac aac m4a ogg opus aiff wma ac3 caf gif png jpg","Video destinations require a video stream. Audio destinations require an audio stream. PNG/JPG save one still; GIF exports the first 15 seconds."
"dxa","Video","mp4 mkv mov webm avi mpeg flv ts wmv mp3 wav flac aac m4a ogg opus aiff wma ac3 caf gif png jpg","Video destinations require a video stream. Audio destinations require an audio stream. PNG/JPG save one still; GIF exports the first 15 seconds."
"ea","Video","mp4 mkv mov webm avi mpeg flv ts wmv mp3 wav flac aac m4a ogg opus aiff wma ac3 caf gif png jpg","Video destinations require a video stream. Audio destinations require an audio stream. PNG/JPG save one still; GIF exports the first 15 seconds."
"ea_cdata","Video","mp4 mkv mov webm avi mpeg flv ts wmv mp3 wav flac aac m4a ogg opus aiff wma ac3 caf gif png jpg","Video destinations require a video stream. Audio destinations require an audio stream. PNG/JPG save one still; GIF exports the first 15 seconds."
"eac3","Video","mp4 mkv mov webm avi mpeg flv ts wmv mp3 wav flac aac m4a ogg opus aiff wma ac3 caf gif png jpg","Video destinations require a video stream. Audio destinations require an audio stream. PNG/JPG save one still; GIF exports the first 15 seconds."
"evc","Video","mp4 mkv mov webm avi mpeg flv ts wmv mp3 wav flac aac m4a ogg opus aiff wma ac3 caf gif png jpg","Video destinations require a video stream. Audio destinations require an audio stream. PNG/JPG save one still; GIF exports the first 15 seconds."
"exr_pipe","Video","mp4 mkv mov webm avi mpeg flv ts wmv mp3 wav flac aac m4a ogg opus aiff wma ac3 caf gif png jpg","Video destinations require a video stream. Audio destinations require an audio stream. PNG/JPG save one still; GIF exports the first 15 seconds."
"ffmetadata","Video","mp4 mkv mov webm avi mpeg flv ts wmv mp3 wav flac aac m4a ogg opus aiff wma ac3 caf gif png jpg","Video destinations require a video stream. Audio destinations require an audio stream. PNG/JPG save one still; GIF exports the first 15 seconds."
"film_cpk","Video","mp4 mkv mov webm avi mpeg flv ts wmv mp3 wav flac aac m4a ogg opus aiff wma ac3 caf gif png jpg","Video destinations require a video stream. Audio destinations require an audio stream. PNG/JPG save one still; GIF exports the first 15 seconds."
"filmstrip","Video","mp4 mkv mov webm avi mpeg flv ts wmv mp3 wav flac aac m4a ogg opus aiff wma ac3 caf gif png jpg","Video destinations require a video stream. Audio destinations require an audio stream. PNG/JPG save one still; GIF exports the first 15 seconds."
"flic","Video","mp4 mkv mov webm avi mpeg flv ts wmv mp3 wav flac aac m4a ogg opus aiff wma ac3 caf gif png jpg","Video destinations require a video stream. Audio destinations require an audio stream. PNG/JPG save one still; GIF exports the first 15 seconds."
"frm","Video","mp4 mkv mov webm avi mpeg flv ts wmv mp3 wav flac aac m4a ogg opus aiff wma ac3 caf gif png jpg","Video destinations require a video stream. Audio destinations require an audio stream. PNG/JPG save one still; GIF exports the first 15 seconds."
"fsb","Video","mp4 mkv mov webm avi mpeg flv ts wmv mp3 wav flac aac m4a ogg opus aiff wma ac3 caf gif png jpg","Video destinations require a video stream. Audio destinations require an audio stream. PNG/JPG save one still; GIF exports the first 15 seconds."
"g722","Video","mp4 mkv mov webm avi mpeg flv ts wmv mp3 wav flac aac m4a ogg opus aiff wma ac3 caf gif png jpg","Video destinations require a video stream. Audio destinations require an audio stream. PNG/JPG save one still; GIF exports the first 15 seconds."
"g723_1","Video","mp4 mkv mov webm avi mpeg flv ts wmv mp3 wav flac aac m4a ogg opus aiff wma ac3 caf gif png jpg","Video destinations require a video stream. Audio destinations require an audio stream. PNG/JPG save one still; GIF exports the first 15 seconds."
"g726","Video","mp4 mkv mov webm avi mpeg flv ts wmv mp3 wav flac aac m4a ogg opus aiff wma ac3 caf gif png jpg","Video destinations require a video stream. Audio destinations require an audio stream. PNG/JPG save one still; GIF exports the first 15 seconds."
"g726le","Video","mp4 mkv mov webm avi mpeg flv ts wmv mp3 wav flac aac m4a ogg opus aiff wma ac3 caf gif png jpg","Video destinations require a video stream. Audio destinations require an audio stream. PNG/JPG save one still; GIF exports the first 15 seconds."
"g728","Video","mp4 mkv mov webm avi mpeg flv ts wmv mp3 wav flac aac m4a ogg opus aiff wma ac3 caf gif png jpg","Video destinations require a video stream. Audio destinations require an audio stream. PNG/JPG save one still; GIF exports the first 15 seconds."
"g729","Video","mp4 mkv mov webm avi mpeg flv ts wmv mp3 wav flac aac m4a ogg opus aiff wma ac3 caf gif png jpg","Video destinations require a video stream. Audio destinations require an audio stream. PNG/JPG save one still; GIF exports the first 15 seconds."
"gdv","Video","mp4 mkv mov webm avi mpeg flv ts wmv mp3 wav flac aac m4a ogg opus aiff wma ac3 caf gif png jpg","Video destinations require a video stream. Audio destinations require an audio stream. PNG/JPG save one still; GIF exports the first 15 seconds."
"gem_pipe","Video","mp4 mkv mov webm avi mpeg flv ts wmv mp3 wav flac aac m4a ogg opus aiff wma ac3 caf gif png jpg","Video destinations require a video stream. Audio destinations require an audio stream. PNG/JPG save one still; GIF exports the first 15 seconds."
"genh","Video","mp4 mkv mov webm avi mpeg flv ts wmv mp3 wav flac aac m4a ogg opus aiff wma ac3 caf gif png jpg","Video destinations require a video stream. Audio destinations require an audio stream. PNG/JPG save one still; GIF exports the first 15 seconds."
"gif_pipe","Video","mp4 mkv mov webm avi mpeg flv ts wmv mp3 wav flac aac m4a ogg opus aiff wma ac3 caf gif png jpg","Video destinations require a video stream. Audio destinations require an audio stream. PNG/JPG save one still; GIF exports the first 15 seconds."
"gsm","Video","mp4 mkv mov webm avi mpeg flv ts wmv mp3 wav flac aac m4a ogg opus aiff wma ac3 caf gif png jpg","Video destinations require a video stream. Audio destinations require an audio stream. PNG/JPG save one still; GIF exports the first 15 seconds."
"gxf","Video","mp4 mkv mov webm avi mpeg flv ts wmv mp3 wav flac aac m4a ogg opus aiff wma ac3 caf gif png jpg","Video destinations require a video stream. Audio destinations require an audio stream. PNG/JPG save one still; GIF exports the first 15 seconds."
"h261","Video","mp4 mkv mov webm avi mpeg flv ts wmv mp3 wav flac aac m4a ogg opus aiff wma ac3 caf gif png jpg","Video destinations require a video stream. Audio destinations require an audio stream. PNG/JPG save one still; GIF exports the first 15 seconds."
"h263","Video","mp4 mkv mov webm avi mpeg flv ts wmv mp3 wav flac aac m4a ogg opus aiff wma ac3 caf gif png jpg","Video destinations require a video stream. Audio destinations require an audio stream. PNG/JPG save one still; GIF exports the first 15 seconds."
"h264","Video","mp4 mkv mov webm avi mpeg flv ts wmv mp3 wav flac aac m4a ogg opus aiff wma ac3 caf gif png jpg","Video destinations require a video stream. Audio destinations require an audio stream. PNG/JPG save one still; GIF exports the first 15 seconds."
"hca","Video","mp4 mkv mov webm avi mpeg flv ts wmv mp3 wav flac aac m4a ogg opus aiff wma ac3 caf gif png jpg","Video destinations require a video stream. Audio destinations require an audio stream. PNG/JPG save one still; GIF exports the first 15 seconds."
"hcom","Video","mp4 mkv mov webm avi mpeg flv ts wmv mp3 wav flac aac m4a ogg opus aiff wma ac3 caf gif png jpg","Video destinations require a video stream. Audio destinations require an audio stream. PNG/JPG save one still; GIF exports the first 15 seconds."
"hdr_pipe","Video","mp4 mkv mov webm avi mpeg flv ts wmv mp3 wav flac aac m4a ogg opus aiff wma ac3 caf gif png jpg","Video destinations require a video stream. Audio destinations require an audio stream. PNG/JPG save one still; GIF exports the first 15 seconds."
"hevc","Video","mp4 mkv mov webm avi mpeg flv ts wmv mp3 wav flac aac m4a ogg opus aiff wma ac3 caf gif png jpg","Video destinations require a video stream. Audio destinations require an audio stream. PNG/JPG save one still; GIF exports the first 15 seconds."
"hnm","Video","mp4 mkv mov webm avi mpeg flv ts wmv mp3 wav flac aac m4a ogg opus aiff wma ac3 caf gif png jpg","Video destinations require a video stream. Audio destinations require an audio stream. PNG/JPG save one still; GIF exports the first 15 seconds."
"hxvs","Video","mp4 mkv mov webm avi mpeg flv ts wmv mp3 wav flac aac m4a ogg opus aiff wma ac3 caf gif png jpg","Video destinations require a video stream. Audio destinations require an audio stream. PNG/JPG save one still; GIF exports the first 15 seconds."
"idcin","Video","mp4 mkv mov webm avi mpeg flv ts wmv mp3 wav flac aac m4a ogg opus aiff wma ac3 caf gif png jpg","Video destinations require a video stream. Audio destinations require an audio stream. PNG/JPG save one still; GIF exports the first 15 seconds."
"idf","Video","mp4 mkv mov webm avi mpeg flv ts wmv mp3 wav flac aac m4a ogg opus aiff wma ac3 caf gif png jpg","Video destinations require a video stream. Audio destinations require an audio stream. PNG/JPG save one still; GIF exports the first 15 seconds."
"iff","Video","mp4 mkv mov webm avi mpeg flv ts wmv mp3 wav flac aac m4a ogg opus aiff wma ac3 caf gif png jpg","Video destinations require a video stream. Audio destinations require an audio stream. PNG/JPG save one still; GIF exports the first 15 seconds."
"ifv","Video","mp4 mkv mov webm avi mpeg flv ts wmv mp3 wav flac aac m4a ogg opus aiff wma ac3 caf gif png jpg","Video destinations require a video stream. Audio destinations require an audio stream. PNG/JPG save one still; GIF exports the first 15 seconds."
"ilbc","Video","mp4 mkv mov webm avi mpeg flv ts wmv mp3 wav flac aac m4a ogg opus aiff wma ac3 caf gif png jpg","Video destinations require a video stream. Audio destinations require an audio stream. PNG/JPG save one still; GIF exports the first 15 seconds."
"imf","Video","mp4 mkv mov webm avi mpeg flv ts wmv mp3 wav flac aac m4a ogg opus aiff wma ac3 caf gif png jpg","Video destinations require a video stream. Audio destinations require an audio stream. PNG/JPG save one still; GIF exports the first 15 seconds."
"ingenient","Video","mp4 mkv mov webm avi mpeg flv ts wmv mp3 wav flac aac m4a ogg opus aiff wma ac3 caf gif png jpg","Video destinations require a video stream. Audio destinations require an audio stream. PNG/JPG save one still; GIF exports the first 15 seconds."
"ipmovie","Video","mp4 mkv mov webm avi mpeg flv ts wmv mp3 wav flac aac m4a ogg opus aiff wma ac3 caf gif png jpg","Video destinations require a video stream. Audio destinations require an audio stream. PNG/JPG save one still; GIF exports the first 15 seconds."
"ipu","Video","mp4 mkv mov webm avi mpeg flv ts wmv mp3 wav flac aac m4a ogg opus aiff wma ac3 caf gif png jpg","Video destinations require a video stream. Audio destinations require an audio stream. PNG/JPG save one still; GIF exports the first 15 seconds."
"iss","Video","mp4 mkv mov webm avi mpeg flv ts wmv mp3 wav flac aac m4a ogg opus aiff wma ac3 caf gif png jpg","Video destinations require a video stream. Audio destinations require an audio stream. PNG/JPG save one still; GIF exports the first 15 seconds."
"iv8","Video","mp4 mkv mov webm avi mpeg flv ts wmv mp3 wav flac aac m4a ogg opus aiff wma ac3 caf gif png jpg","Video destinations require a video stream. Audio destinations require an audio stream. PNG/JPG save one still; GIF exports the first 15 seconds."
"ivf","Video","mp4 mkv mov webm avi mpeg flv ts wmv mp3 wav flac aac m4a ogg opus aiff wma ac3 caf gif png jpg","Video destinations require a video stream. Audio destinations require an audio stream. PNG/JPG save one still; GIF exports the first 15 seconds."
"ivr","Video","mp4 mkv mov webm avi mpeg flv ts wmv mp3 wav flac aac m4a ogg opus aiff wma ac3 caf gif png jpg","Video destinations require a video stream. Audio destinations require an audio stream. PNG/JPG save one still; GIF exports the first 15 seconds."
"j2k_pipe","Video","mp4 mkv mov webm avi mpeg flv ts wmv mp3 wav flac aac m4a ogg opus aiff wma ac3 caf gif png jpg","Video destinations require a video stream. Audio destinations require an audio stream. PNG/JPG save one still; GIF exports the first 15 seconds."
"jpeg_pipe","Video","mp4 mkv mov webm avi mpeg flv ts wmv mp3 wav flac aac m4a ogg opus aiff wma ac3 caf gif png jpg","Video destinations require a video stream. Audio destinations require an audio stream. PNG/JPG save one still; GIF exports the first 15 seconds."
"jpegls_pipe","Video","mp4 mkv mov webm avi mpeg flv ts wmv mp3 wav flac aac m4a ogg opus aiff wma ac3 caf gif png jpg","Video destinations require a video stream. Audio destinations require an audio stream. PNG/JPG save one still; GIF exports the first 15 seconds."
"jpegxl_anim","Video","mp4 mkv mov webm avi mpeg flv ts wmv mp3 wav flac aac m4a ogg opus aiff wma ac3 caf gif png jpg","Video destinations require a video stream. Audio destinations require an audio stream. PNG/JPG save one still; GIF exports the first 15 seconds."
"jpegxl_pipe","Video","mp4 mkv mov webm avi mpeg flv ts wmv mp3 wav flac aac m4a ogg opus aiff wma ac3 caf gif png jpg","Video destinations require a video stream. Audio destinations require an audio stream. PNG/JPG save one still; GIF exports the first 15 seconds."
"jpegxs_pipe","Video","mp4 mkv mov webm avi mpeg flv ts wmv mp3 wav flac aac m4a ogg opus aiff wma ac3 caf gif png jpg","Video destinations require a video stream. Audio destinations require an audio stream. PNG/JPG save one still; GIF exports the first 15 seconds."
"jv","Video","mp4 mkv mov webm avi mpeg flv ts wmv mp3 wav flac aac m4a ogg opus aiff wma ac3 caf gif png jpg","Video destinations require a video stream. Audio destinations require an audio stream. PNG/JPG save one still; GIF exports the first 15 seconds."
"kux","Video","mp4 mkv mov webm avi mpeg flv ts wmv mp3 wav flac aac m4a ogg opus aiff wma ac3 caf gif png jpg","Video destinations require a video stream. Audio destinations require an audio stream. PNG/JPG save one still; GIF exports the first 15 seconds."
"kvag","Video","mp4 mkv mov webm avi mpeg flv ts wmv mp3 wav flac aac m4a ogg opus aiff wma ac3 caf gif png jpg","Video destinations require a video stream. Audio destinations require an audio stream. PNG/JPG save one still; GIF exports the first 15 seconds."
"lc3","Video","mp4 mkv mov webm avi mpeg flv ts wmv mp3 wav flac aac m4a ogg opus aiff wma ac3 caf gif png jpg","Video destinations require a video stream. Audio destinations require an audio stream. PNG/JPG save one still; GIF exports the first 15 seconds."
"live_flv","Video","mp4 mkv mov webm avi mpeg flv ts wmv mp3 wav flac aac m4a ogg opus aiff wma ac3 caf gif png jpg","Video destinations require a video stream. Audio destinations require an audio stream. PNG/JPG save one still; GIF exports the first 15 seconds."
"lmlm4","Video","mp4 mkv mov webm avi mpeg flv ts wmv mp3 wav flac aac m4a ogg opus aiff wma ac3 caf gif png jpg","Video destinations require a video stream. Audio destinations require an audio stream. PNG/JPG save one still; GIF exports the first 15 seconds."
"luodat","Video","mp4 mkv mov webm avi mpeg flv ts wmv mp3 wav flac aac m4a ogg opus aiff wma ac3 caf gif png jpg","Video destinations require a video stream. Audio destinations require an audio stream. PNG/JPG save one still; GIF exports the first 15 seconds."
"lvf","Video","mp4 mkv mov webm avi mpeg flv ts wmv mp3 wav flac aac m4a ogg opus aiff wma ac3 caf gif png jpg","Video destinations require a video stream. Audio destinations require an audio stream. PNG/JPG save one still; GIF exports the first 15 seconds."
"lxf","Video","mp4 mkv mov webm avi mpeg flv ts wmv mp3 wav flac aac m4a ogg opus aiff wma ac3 caf gif png jpg","Video destinations require a video stream. Audio destinations require an audio stream. PNG/JPG save one still; GIF exports the first 15 seconds."
"matroska","Video","mp4 mkv mov webm avi mpeg flv ts wmv mp3 wav flac aac m4a ogg opus aiff wma ac3 caf gif png jpg","Video destinations require a video stream. Audio destinations require an audio stream. PNG/JPG save one still; GIF exports the first 15 seconds."
"mgsts","Video","mp4 mkv mov webm avi mpeg flv ts wmv mp3 wav flac aac m4a ogg opus aiff wma ac3 caf gif png jpg","Video destinations require a video stream. Audio destinations require an audio stream. PNG/JPG save one still; GIF exports the first 15 seconds."
"mjpeg","Video","mp4 mkv mov webm avi mpeg flv ts wmv mp3 wav flac aac m4a ogg opus aiff wma ac3 caf gif png jpg","Video destinations require a video stream. Audio destinations require an audio stream. PNG/JPG save one still; GIF exports the first 15 seconds."
"mjpeg_2000","Video","mp4 mkv mov webm avi mpeg flv ts wmv mp3 wav flac aac m4a ogg opus aiff wma ac3 caf gif png jpg","Video destinations require a video stream. Audio destinations require an audio stream. PNG/JPG save one still; GIF exports the first 15 seconds."
"mlp","Video","mp4 mkv mov webm avi mpeg flv ts wmv mp3 wav flac aac m4a ogg opus aiff wma ac3 caf gif png jpg","Video destinations require a video stream. Audio destinations require an audio stream. PNG/JPG save one still; GIF exports the first 15 seconds."
"mlv","Video","mp4 mkv mov webm avi mpeg flv ts wmv mp3 wav flac aac m4a ogg opus aiff wma ac3 caf gif png jpg","Video destinations require a video stream. Audio destinations require an audio stream. PNG/JPG save one still; GIF exports the first 15 seconds."
"mm","Video","mp4 mkv mov webm avi mpeg flv ts wmv mp3 wav flac aac m4a ogg opus aiff wma ac3 caf gif png jpg","Video destinations require a video stream. Audio destinations require an audio stream. PNG/JPG save one still; GIF exports the first 15 seconds."
"mmf","Video","mp4 mkv mov webm avi mpeg flv ts wmv mp3 wav flac aac m4a ogg opus aiff wma ac3 caf gif png jpg","Video destinations require a video stream. Audio destinations require an audio stream. PNG/JPG save one still; GIF exports the first 15 seconds."
"mods","Video","mp4 mkv mov webm avi mpeg flv ts wmv mp3 wav flac aac m4a ogg opus aiff wma ac3 caf gif png jpg","Video destinations require a video stream. Audio destinations require an audio stream. PNG/JPG save one still; GIF exports the first 15 seconds."
"moflex","Video","mp4 mkv mov webm avi mpeg flv ts wmv mp3 wav flac aac m4a ogg opus aiff wma ac3 caf gif png jpg","Video destinations require a video stream. Audio destinations require an audio stream. PNG/JPG save one still; GIF exports the first 15 seconds."
"3g2","Video","mp4 mkv mov webm avi mpeg flv ts wmv mp3 wav flac aac m4a ogg opus aiff wma ac3 caf gif png jpg","Video destinations require a video stream. Audio destinations require an audio stream. PNG/JPG save one still; GIF exports the first 15 seconds."
"mj2","Video","mp4 mkv mov webm avi mpeg flv ts wmv mp3 wav flac aac m4a ogg opus aiff wma ac3 caf gif png jpg","Video destinations require a video stream. Audio destinations require an audio stream. PNG/JPG save one still; GIF exports the first 15 seconds."
"mpc8","Video","mp4 mkv mov webm avi mpeg flv ts wmv mp3 wav flac aac m4a ogg opus aiff wma ac3 caf gif png jpg","Video destinations require a video stream. Audio destinations require an audio stream. PNG/JPG save one still; GIF exports the first 15 seconds."
"mpegts","Video","mp4 mkv mov webm avi mpeg flv ts wmv mp3 wav flac aac m4a ogg opus aiff wma ac3 caf gif png jpg","Video destinations require a video stream. Audio destinations require an audio stream. PNG/JPG save one still; GIF exports the first 15 seconds."
"mpegtsraw","Video","mp4 mkv mov webm avi mpeg flv ts wmv mp3 wav flac aac m4a ogg opus aiff wma ac3 caf gif png jpg","Video destinations require a video stream. Audio destinations require an audio stream. PNG/JPG save one still; GIF exports the first 15 seconds."
"mpegvideo","Video","mp4 mkv mov webm avi mpeg flv ts wmv mp3 wav flac aac m4a ogg opus aiff wma ac3 caf gif png jpg","Video destinations require a video stream. Audio destinations require an audio stream. PNG/JPG save one still; GIF exports the first 15 seconds."
"mpjpeg","Video","mp4 mkv mov webm avi mpeg flv ts wmv mp3 wav flac aac m4a ogg opus aiff wma ac3 caf gif png jpg","Video destinations require a video stream. Audio destinations require an audio stream. PNG/JPG save one still; GIF exports the first 15 seconds."
"msf","Video","mp4 mkv mov webm avi mpeg flv ts wmv mp3 wav flac aac m4a ogg opus aiff wma ac3 caf gif png jpg","Video destinations require a video stream. Audio destinations require an audio stream. PNG/JPG save one still; GIF exports the first 15 seconds."
"msnwctcp","Video","mp4 mkv mov webm avi mpeg flv ts wmv mp3 wav flac aac m4a ogg opus aiff wma ac3 caf gif png jpg","Video destinations require a video stream. Audio destinations require an audio stream. PNG/JPG save one still; GIF exports the first 15 seconds."
"msp","Video","mp4 mkv mov webm avi mpeg flv ts wmv mp3 wav flac aac m4a ogg opus aiff wma ac3 caf gif png jpg","Video destinations require a video stream. Audio destinations require an audio stream. PNG/JPG save one still; GIF exports the first 15 seconds."
"mtaf","Video","mp4 mkv mov webm avi mpeg flv ts wmv mp3 wav flac aac m4a ogg opus aiff wma ac3 caf gif png jpg","Video destinations require a video stream. Audio destinations require an audio stream. PNG/JPG save one still; GIF exports the first 15 seconds."
"musx","Video","mp4 mkv mov webm avi mpeg flv ts wmv mp3 wav flac aac m4a ogg opus aiff wma ac3 caf gif png jpg","Video destinations require a video stream. Audio destinations require an audio stream. PNG/JPG save one still; GIF exports the first 15 seconds."
"mv","Video","mp4 mkv mov webm avi mpeg flv ts wmv mp3 wav flac aac m4a ogg opus aiff wma ac3 caf gif png jpg","Video destinations require a video stream. Audio destinations require an audio stream. PNG/JPG save one still; GIF exports the first 15 seconds."
"mvi","Video","mp4 mkv mov webm avi mpeg flv ts wmv mp3 wav flac aac m4a ogg opus aiff wma ac3 caf gif png jpg","Video destinations require a video stream. Audio destinations require an audio stream. PNG/JPG save one still; GIF exports the first 15 seconds."
"mxf","Video","mp4 mkv mov webm avi mpeg flv ts wmv mp3 wav flac aac m4a ogg opus aiff wma ac3 caf gif png jpg","Video destinations require a video stream. Audio destinations require an audio stream. PNG/JPG save one still; GIF exports the first 15 seconds."
"mxg","Video","mp4 mkv mov webm avi mpeg flv ts wmv mp3 wav flac aac m4a ogg opus aiff wma ac3 caf gif png jpg","Video destinations require a video stream. Audio destinations require an audio stream. PNG/JPG save one still; GIF exports the first 15 seconds."
"nc","Video","mp4 mkv mov webm avi mpeg flv ts wmv mp3 wav flac aac m4a ogg opus aiff wma ac3 caf gif png jpg","Video destinations require a video stream. Audio destinations require an audio stream. PNG/JPG save one still; GIF exports the first 15 seconds."
"nistsphere","Video","mp4 mkv mov webm avi mpeg flv ts wmv mp3 wav flac aac m4a ogg opus aiff wma ac3 caf gif png jpg","Video destinations require a video stream. Audio destinations require an audio stream. PNG/JPG save one still; GIF exports the first 15 seconds."
"nsp","Video","mp4 mkv mov webm avi mpeg flv ts wmv mp3 wav flac aac m4a ogg opus aiff wma ac3 caf gif png jpg","Video destinations require a video stream. Audio destinations require an audio stream. PNG/JPG save one still; GIF exports the first 15 seconds."
"nsv","Video","mp4 mkv mov webm avi mpeg flv ts wmv mp3 wav flac aac m4a ogg opus aiff wma ac3 caf gif png jpg","Video destinations require a video stream. Audio destinations require an audio stream. PNG/JPG save one still; GIF exports the first 15 seconds."
"nut","Video","mp4 mkv mov webm avi mpeg flv ts wmv mp3 wav flac aac m4a ogg opus aiff wma ac3 caf gif png jpg","Video destinations require a video stream. Audio destinations require an audio stream. PNG/JPG save one still; GIF exports the first 15 seconds."
"nuv","Video","mp4 mkv mov webm avi mpeg flv ts wmv mp3 wav flac aac m4a ogg opus aiff wma ac3 caf gif png jpg","Video destinations require a video stream. Audio destinations require an audio stream. PNG/JPG save one still; GIF exports the first 15 seconds."
"obu","Video","mp4 mkv mov webm avi mpeg flv ts wmv mp3 wav flac aac m4a ogg opus aiff wma ac3 caf gif png jpg","Video destinations require a video stream. Audio destinations require an audio stream. PNG/JPG save one still; GIF exports the first 15 seconds."
"osq","Video","mp4 mkv mov webm avi mpeg flv ts wmv mp3 wav flac aac m4a ogg opus aiff wma ac3 caf gif png jpg","Video destinations require a video stream. Audio destinations require an audio stream. PNG/JPG save one still; GIF exports the first 15 seconds."
"paf","Video","mp4 mkv mov webm avi mpeg flv ts wmv mp3 wav flac aac m4a ogg opus aiff wma ac3 caf gif png jpg","Video destinations require a video stream. Audio destinations require an audio stream. PNG/JPG save one still; GIF exports the first 15 seconds."
"pam_pipe","Video","mp4 mkv mov webm avi mpeg flv ts wmv mp3 wav flac aac m4a ogg opus aiff wma ac3 caf gif png jpg","Video destinations require a video stream. Audio destinations require an audio stream. PNG/JPG save one still; GIF exports the first 15 seconds."
"pbm_pipe","Video","mp4 mkv mov webm avi mpeg flv ts wmv mp3 wav flac aac m4a ogg opus aiff wma ac3 caf gif png jpg","Video destinations require a video stream. Audio destinations require an audio stream. PNG/JPG save one still; GIF exports the first 15 seconds."
"pcx_pipe","Video","mp4 mkv mov webm avi mpeg flv ts wmv mp3 wav flac aac m4a ogg opus aiff wma ac3 caf gif png jpg","Video destinations require a video stream. Audio destinations require an audio stream. PNG/JPG save one still; GIF exports the first 15 seconds."
"pdv","Video","mp4 mkv mov webm avi mpeg flv ts wmv mp3 wav flac aac m4a ogg opus aiff wma ac3 caf gif png jpg","Video destinations require a video stream. Audio destinations require an audio stream. PNG/JPG save one still; GIF exports the first 15 seconds."
"pfm_pipe","Video","mp4 mkv mov webm avi mpeg flv ts wmv mp3 wav flac aac m4a ogg opus aiff wma ac3 caf gif png jpg","Video destinations require a video stream. Audio destinations require an audio stream. PNG/JPG save one still; GIF exports the first 15 seconds."
"pgm_pipe","Video","mp4 mkv mov webm avi mpeg flv ts wmv mp3 wav flac aac m4a ogg opus aiff wma ac3 caf gif png jpg","Video destinations require a video stream. Audio destinations require an audio stream. PNG/JPG save one still; GIF exports the first 15 seconds."
"pgmyuv_pipe","Video","mp4 mkv mov webm avi mpeg flv ts wmv mp3 wav flac aac m4a ogg opus aiff wma ac3 caf gif png jpg","Video destinations require a video stream. Audio destinations require an audio stream. PNG/JPG save one still; GIF exports the first 15 seconds."
"pgx_pipe","Video","mp4 mkv mov webm avi mpeg flv ts wmv mp3 wav flac aac m4a ogg opus aiff wma ac3 caf gif png jpg","Video destinations require a video stream. Audio destinations require an audio stream. PNG/JPG save one still; GIF exports the first 15 seconds."
"phm_pipe","Video","mp4 mkv mov webm avi mpeg flv ts wmv mp3 wav flac aac m4a ogg opus aiff wma ac3 caf gif png jpg","Video destinations require a video stream. Audio destinations require an audio stream. PNG/JPG save one still; GIF exports the first 15 seconds."
"photocd_pipe","Video","mp4 mkv mov webm avi mpeg flv ts wmv mp3 wav flac aac m4a ogg opus aiff wma ac3 caf gif png jpg","Video destinations require a video stream. Audio destinations require an audio stream. PNG/JPG save one still; GIF exports the first 15 seconds."
"pictor_pipe","Video","mp4 mkv mov webm avi mpeg flv ts wmv mp3 wav flac aac m4a ogg opus aiff wma ac3 caf gif png jpg","Video destinations require a video stream. Audio destinations require an audio stream. PNG/JPG save one still; GIF exports the first 15 seconds."
"pmp","Video","mp4 mkv mov webm avi mpeg flv ts wmv mp3 wav flac aac m4a ogg opus aiff wma ac3 caf gif png jpg","Video destinations require a video stream. Audio destinations require an audio stream. PNG/JPG save one still; GIF exports the first 15 seconds."
"png_pipe","Video","mp4 mkv mov webm avi mpeg flv ts wmv mp3 wav flac aac m4a ogg opus aiff wma ac3 caf gif png jpg","Video destinations require a video stream. Audio destinations require an audio stream. PNG/JPG save one still; GIF exports the first 15 seconds."
"ppm_pipe","Video","mp4 mkv mov webm avi mpeg flv ts wmv mp3 wav flac aac m4a ogg opus aiff wma ac3 caf gif png jpg","Video destinations require a video stream. Audio destinations require an audio stream. PNG/JPG save one still; GIF exports the first 15 seconds."
"psd_pipe","Video","mp4 mkv mov webm avi mpeg flv ts wmv mp3 wav flac aac m4a ogg opus aiff wma ac3 caf gif png jpg","Video destinations require a video stream. Audio destinations require an audio stream. PNG/JPG save one still; GIF exports the first 15 seconds."
"psxstr","Video","mp4 mkv mov webm avi mpeg flv ts wmv mp3 wav flac aac m4a ogg opus aiff wma ac3 caf gif png jpg","Video destinations require a video stream. Audio destinations require an audio stream. PNG/JPG save one still; GIF exports the first 15 seconds."
"pva","Video","mp4 mkv mov webm avi mpeg flv ts wmv mp3 wav flac aac m4a ogg opus aiff wma ac3 caf gif png jpg","Video destinations require a video stream. Audio destinations require an audio stream. PNG/JPG save one still; GIF exports the first 15 seconds."
"pvf","Video","mp4 mkv mov webm avi mpeg flv ts wmv mp3 wav flac aac m4a ogg opus aiff wma ac3 caf gif png jpg","Video destinations require a video stream. Audio destinations require an audio stream. PNG/JPG save one still; GIF exports the first 15 seconds."
"qcp","Video","mp4 mkv mov webm avi mpeg flv ts wmv mp3 wav flac aac m4a ogg opus aiff wma ac3 caf gif png jpg","Video destinations require a video stream. Audio destinations require an audio stream. PNG/JPG save one still; GIF exports the first 15 seconds."
"qdraw_pipe","Video","mp4 mkv mov webm avi mpeg flv ts wmv mp3 wav flac aac m4a ogg opus aiff wma ac3 caf gif png jpg","Video destinations require a video stream. Audio destinations require an audio stream. PNG/JPG save one still; GIF exports the first 15 seconds."
"qoa","Video","mp4 mkv mov webm avi mpeg flv ts wmv mp3 wav flac aac m4a ogg opus aiff wma ac3 caf gif png jpg","Video destinations require a video stream. Audio destinations require an audio stream. PNG/JPG save one still; GIF exports the first 15 seconds."
"qoi_pipe","Video","mp4 mkv mov webm avi mpeg flv ts wmv mp3 wav flac aac m4a ogg opus aiff wma ac3 caf gif png jpg","Video destinations require a video stream. Audio destinations require an audio stream. PNG/JPG save one still; GIF exports the first 15 seconds."
"r3d","Video","mp4 mkv mov webm avi mpeg flv ts wmv mp3 wav flac aac m4a ogg opus aiff wma ac3 caf gif png jpg","Video destinations require a video stream. Audio destinations require an audio stream. PNG/JPG save one still; GIF exports the first 15 seconds."
"rawvideo","Video","mp4 mkv mov webm avi mpeg flv ts wmv mp3 wav flac aac m4a ogg opus aiff wma ac3 caf gif png jpg","Video destinations require a video stream. Audio destinations require an audio stream. PNG/JPG save one still; GIF exports the first 15 seconds."
"redspark","Video","mp4 mkv mov webm avi mpeg flv ts wmv mp3 wav flac aac m4a ogg opus aiff wma ac3 caf gif png jpg","Video destinations require a video stream. Audio destinations require an audio stream. PNG/JPG save one still; GIF exports the first 15 seconds."
"rl2","Video","mp4 mkv mov webm avi mpeg flv ts wmv mp3 wav flac aac m4a ogg opus aiff wma ac3 caf gif png jpg","Video destinations require a video stream. Audio destinations require an audio stream. PNG/JPG save one still; GIF exports the first 15 seconds."
"rm","Video","mp4 mkv mov webm avi mpeg flv ts wmv mp3 wav flac aac m4a ogg opus aiff wma ac3 caf gif png jpg","Video destinations require a video stream. Audio destinations require an audio stream. PNG/JPG save one still; GIF exports the first 15 seconds."
"roq","Video","mp4 mkv mov webm avi mpeg flv ts wmv mp3 wav flac aac m4a ogg opus aiff wma ac3 caf gif png jpg","Video destinations require a video stream. Audio destinations require an audio stream. PNG/JPG save one still; GIF exports the first 15 seconds."
"rpl","Video","mp4 mkv mov webm avi mpeg flv ts wmv mp3 wav flac aac m4a ogg opus aiff wma ac3 caf gif png jpg","Video destinations require a video stream. Audio destinations require an audio stream. PNG/JPG save one still; GIF exports the first 15 seconds."
"rsd","Video","mp4 mkv mov webm avi mpeg flv ts wmv mp3 wav flac aac m4a ogg opus aiff wma ac3 caf gif png jpg","Video destinations require a video stream. Audio destinations require an audio stream. PNG/JPG save one still; GIF exports the first 15 seconds."
"rso","Video","mp4 mkv mov webm avi mpeg flv ts wmv mp3 wav flac aac m4a ogg opus aiff wma ac3 caf gif png jpg","Video destinations require a video stream. Audio destinations require an audio stream. PNG/JPG save one still; GIF exports the first 15 seconds."
"rtp","Video","mp4 mkv mov webm avi mpeg flv ts wmv mp3 wav flac aac m4a ogg opus aiff wma ac3 caf gif png jpg","Video destinations require a video stream. Audio destinations require an audio stream. PNG/JPG save one still; GIF exports the first 15 seconds."
"rtsp","Video","mp4 mkv mov webm avi mpeg flv ts wmv mp3 wav flac aac m4a ogg opus aiff wma ac3 caf gif png jpg","Video destinations require a video stream. Audio destinations require an audio stream. PNG/JPG save one still; GIF exports the first 15 seconds."
"s337m","Video","mp4 mkv mov webm avi mpeg flv ts wmv mp3 wav flac aac m4a ogg opus aiff wma ac3 caf gif png jpg","Video destinations require a video stream. Audio destinations require an audio stream. PNG/JPG save one still; GIF exports the first 15 seconds."
"sap","Video","mp4 mkv mov webm avi mpeg flv ts wmv mp3 wav flac aac m4a ogg opus aiff wma ac3 caf gif png jpg","Video destinations require a video stream. Audio destinations require an audio stream. PNG/JPG save one still; GIF exports the first 15 seconds."
"sbc","Video","mp4 mkv mov webm avi mpeg flv ts wmv mp3 wav flac aac m4a ogg opus aiff wma ac3 caf gif png jpg","Video destinations require a video stream. Audio destinations require an audio stream. PNG/JPG save one still; GIF exports the first 15 seconds."
"sbg","Video","mp4 mkv mov webm avi mpeg flv ts wmv mp3 wav flac aac m4a ogg opus aiff wma ac3 caf gif png jpg","Video destinations require a video stream. Audio destinations require an audio stream. PNG/JPG save one still; GIF exports the first 15 seconds."
"scd","Video","mp4 mkv mov webm avi mpeg flv ts wmv mp3 wav flac aac m4a ogg opus aiff wma ac3 caf gif png jpg","Video destinations require a video stream. Audio destinations require an audio stream. PNG/JPG save one still; GIF exports the first 15 seconds."
"sdns","Video","mp4 mkv mov webm avi mpeg flv ts wmv mp3 wav flac aac m4a ogg opus aiff wma ac3 caf gif png jpg","Video destinations require a video stream. Audio destinations require an audio stream. PNG/JPG save one still; GIF exports the first 15 seconds."
"sdr2","Video","mp4 mkv mov webm avi mpeg flv ts wmv mp3 wav flac aac m4a ogg opus aiff wma ac3 caf gif png jpg","Video destinations require a video stream. Audio destinations require an audio stream. PNG/JPG save one still; GIF exports the first 15 seconds."
"sds","Video","mp4 mkv mov webm avi mpeg flv ts wmv mp3 wav flac aac m4a ogg opus aiff wma ac3 caf gif png jpg","Video destinations require a video stream. Audio destinations require an audio stream. PNG/JPG save one still; GIF exports the first 15 seconds."
"sdx","Video","mp4 mkv mov webm avi mpeg flv ts wmv mp3 wav flac aac m4a ogg opus aiff wma ac3 caf gif png jpg","Video destinations require a video stream. Audio destinations require an audio stream. PNG/JPG save one still; GIF exports the first 15 seconds."
"ser","Video","mp4 mkv mov webm avi mpeg flv ts wmv mp3 wav flac aac m4a ogg opus aiff wma ac3 caf gif png jpg","Video destinations require a video stream. Audio destinations require an audio stream. PNG/JPG save one still; GIF exports the first 15 seconds."
"sga","Video","mp4 mkv mov webm avi mpeg flv ts wmv mp3 wav flac aac m4a ogg opus aiff wma ac3 caf gif png jpg","Video destinations require a video stream. Audio destinations require an audio stream. PNG/JPG save one still; GIF exports the first 15 seconds."
"sgi_pipe","Video","mp4 mkv mov webm avi mpeg flv ts wmv mp3 wav flac aac m4a ogg opus aiff wma ac3 caf gif png jpg","Video destinations require a video stream. Audio destinations require an audio stream. PNG/JPG save one still; GIF exports the first 15 seconds."
"shn","Video","mp4 mkv mov webm avi mpeg flv ts wmv mp3 wav flac aac m4a ogg opus aiff wma ac3 caf gif png jpg","Video destinations require a video stream. Audio destinations require an audio stream. PNG/JPG save one still; GIF exports the first 15 seconds."
"siff","Video","mp4 mkv mov webm avi mpeg flv ts wmv mp3 wav flac aac m4a ogg opus aiff wma ac3 caf gif png jpg","Video destinations require a video stream. Audio destinations require an audio stream. PNG/JPG save one still; GIF exports the first 15 seconds."
"simbiosis_imx","Video","mp4 mkv mov webm avi mpeg flv ts wmv mp3 wav flac aac m4a ogg opus aiff wma ac3 caf gif png jpg","Video destinations require a video stream. Audio destinations require an audio stream. PNG/JPG save one still; GIF exports the first 15 seconds."
"smjpeg","Video","mp4 mkv mov webm avi mpeg flv ts wmv mp3 wav flac aac m4a ogg opus aiff wma ac3 caf gif png jpg","Video destinations require a video stream. Audio destinations require an audio stream. PNG/JPG save one still; GIF exports the first 15 seconds."
"smk","Video","mp4 mkv mov webm avi mpeg flv ts wmv mp3 wav flac aac m4a ogg opus aiff wma ac3 caf gif png jpg","Video destinations require a video stream. Audio destinations require an audio stream. PNG/JPG save one still; GIF exports the first 15 seconds."
"smush","Video","mp4 mkv mov webm avi mpeg flv ts wmv mp3 wav flac aac m4a ogg opus aiff wma ac3 caf gif png jpg","Video destinations require a video stream. Audio destinations require an audio stream. PNG/JPG save one still; GIF exports the first 15 seconds."
"sol","Video","mp4 mkv mov webm avi mpeg flv ts wmv mp3 wav flac aac m4a ogg opus aiff wma ac3 caf gif png jpg","Video destinations require a video stream. Audio destinations require an audio stream. PNG/JPG save one still; GIF exports the first 15 seconds."
"spdif","Video","mp4 mkv mov webm avi mpeg flv ts wmv mp3 wav flac aac m4a ogg opus aiff wma ac3 caf gif png jpg","Video destinations require a video stream. Audio destinations require an audio stream. PNG/JPG save one still; GIF exports the first 15 seconds."
"sunrast_pipe","Video","mp4 mkv mov webm avi mpeg flv ts wmv mp3 wav flac aac m4a ogg opus aiff wma ac3 caf gif png jpg","Video destinations require a video stream. Audio destinations require an audio stream. PNG/JPG save one still; GIF exports the first 15 seconds."
"svag","Video","mp4 mkv mov webm avi mpeg flv ts wmv mp3 wav flac aac m4a ogg opus aiff wma ac3 caf gif png jpg","Video destinations require a video stream. Audio destinations require an audio stream. PNG/JPG save one still; GIF exports the first 15 seconds."
"svg_pipe","Video","mp4 mkv mov webm avi mpeg flv ts wmv mp3 wav flac aac m4a ogg opus aiff wma ac3 caf gif png jpg","Video destinations require a video stream. Audio destinations require an audio stream. PNG/JPG save one still; GIF exports the first 15 seconds."
"svs","Video","mp4 mkv mov webm avi mpeg flv ts wmv mp3 wav flac aac m4a ogg opus aiff wma ac3 caf gif png jpg","Video destinations require a video stream. Audio destinations require an audio stream. PNG/JPG save one still; GIF exports the first 15 seconds."
"tak","Video","mp4 mkv mov webm avi mpeg flv ts wmv mp3 wav flac aac m4a ogg opus aiff wma ac3 caf gif png jpg","Video destinations require a video stream. Audio destinations require an audio stream. PNG/JPG save one still; GIF exports the first 15 seconds."
"thp","Video","mp4 mkv mov webm avi mpeg flv ts wmv mp3 wav flac aac m4a ogg opus aiff wma ac3 caf gif png jpg","Video destinations require a video stream. Audio destinations require an audio stream. PNG/JPG save one still; GIF exports the first 15 seconds."
"tiertexseq","Video","mp4 mkv mov webm avi mpeg flv ts wmv mp3 wav flac aac m4a ogg opus aiff wma ac3 caf gif png jpg","Video destinations require a video stream. Audio destinations require an audio stream. PNG/JPG save one still; GIF exports the first 15 seconds."
"tiff_pipe","Video","mp4 mkv mov webm avi mpeg flv ts wmv mp3 wav flac aac m4a ogg opus aiff wma ac3 caf gif png jpg","Video destinations require a video stream. Audio destinations require an audio stream. PNG/JPG save one still; GIF exports the first 15 seconds."
"tmv","Video","mp4 mkv mov webm avi mpeg flv ts wmv mp3 wav flac aac m4a ogg opus aiff wma ac3 caf gif png jpg","Video destinations require a video stream. Audio destinations require an audio stream. PNG/JPG save one still; GIF exports the first 15 seconds."
"truehd","Video","mp4 mkv mov webm avi mpeg flv ts wmv mp3 wav flac aac m4a ogg opus aiff wma ac3 caf gif png jpg","Video destinations require a video stream. Audio destinations require an audio stream. PNG/JPG save one still; GIF exports the first 15 seconds."
"txd","Video","mp4 mkv mov webm avi mpeg flv ts wmv mp3 wav flac aac m4a ogg opus aiff wma ac3 caf gif png jpg","Video destinations require a video stream. Audio destinations require an audio stream. PNG/JPG save one still; GIF exports the first 15 seconds."
"ty","Video","mp4 mkv mov webm avi mpeg flv ts wmv mp3 wav flac aac m4a ogg opus aiff wma ac3 caf gif png jpg","Video destinations require a video stream. Audio destinations require an audio stream. PNG/JPG save one still; GIF exports the first 15 seconds."
"usm","Video","mp4 mkv mov webm avi mpeg flv ts wmv mp3 wav flac aac m4a ogg opus aiff wma ac3 caf gif png jpg","Video destinations require a video stream. Audio destinations require an audio stream. PNG/JPG save one still; GIF exports the first 15 seconds."
"v210","Video","mp4 mkv mov webm avi mpeg flv ts wmv mp3 wav flac aac m4a ogg opus aiff wma ac3 caf gif png jpg","Video destinations require a video stream. Audio destinations require an audio stream. PNG/JPG save one still; GIF exports the first 15 seconds."
"v210x","Video","mp4 mkv mov webm avi mpeg flv ts wmv mp3 wav flac aac m4a ogg opus aiff wma ac3 caf gif png jpg","Video destinations require a video stream. Audio destinations require an audio stream. PNG/JPG save one still; GIF exports the first 15 seconds."
"vag","Video","mp4 mkv mov webm avi mpeg flv ts wmv mp3 wav flac aac m4a ogg opus aiff wma ac3 caf gif png jpg","Video destinations require a video stream. Audio destinations require an audio stream. PNG/JPG save one still; GIF exports the first 15 seconds."
"vbn_pipe","Video","mp4 mkv mov webm avi mpeg flv ts wmv mp3 wav flac aac m4a ogg opus aiff wma ac3 caf gif png jpg","Video destinations require a video stream. Audio destinations require an audio stream. PNG/JPG save one still; GIF exports the first 15 seconds."
"vc1","Video","mp4 mkv mov webm avi mpeg flv ts wmv mp3 wav flac aac m4a ogg opus aiff wma ac3 caf gif png jpg","Video destinations require a video stream. Audio destinations require an audio stream. PNG/JPG save one still; GIF exports the first 15 seconds."
"vc1test","Video","mp4 mkv mov webm avi mpeg flv ts wmv mp3 wav flac aac m4a ogg opus aiff wma ac3 caf gif png jpg","Video destinations require a video stream. Audio destinations require an audio stream. PNG/JPG save one still; GIF exports the first 15 seconds."
"vividas","Video","mp4 mkv mov webm avi mpeg flv ts wmv mp3 wav flac aac m4a ogg opus aiff wma ac3 caf gif png jpg","Video destinations require a video stream. Audio destinations require an audio stream. PNG/JPG save one still; GIF exports the first 15 seconds."
"vivo","Video","mp4 mkv mov webm avi mpeg flv ts wmv mp3 wav flac aac m4a ogg opus aiff wma ac3 caf gif png jpg","Video destinations require a video stream. Audio destinations require an audio stream. PNG/JPG save one still; GIF exports the first 15 seconds."
"vmd","Video","mp4 mkv mov webm avi mpeg flv ts wmv mp3 wav flac aac m4a ogg opus aiff wma ac3 caf gif png jpg","Video destinations require a video stream. Audio destinations require an audio stream. PNG/JPG save one still; GIF exports the first 15 seconds."
"voc","Video","mp4 mkv mov webm avi mpeg flv ts wmv mp3 wav flac aac m4a ogg opus aiff wma ac3 caf gif png jpg","Video destinations require a video stream. Audio destinations require an audio stream. PNG/JPG save one still; GIF exports the first 15 seconds."
"vpk","Video","mp4 mkv mov webm avi mpeg flv ts wmv mp3 wav flac aac m4a ogg opus aiff wma ac3 caf gif png jpg","Video destinations require a video stream. Audio destinations require an audio stream. PNG/JPG save one still; GIF exports the first 15 seconds."
"vqf","Video","mp4 mkv mov webm avi mpeg flv ts wmv mp3 wav flac aac m4a ogg opus aiff wma ac3 caf gif png jpg","Video destinations require a video stream. Audio destinations require an audio stream. PNG/JPG save one still; GIF exports the first 15 seconds."
"vvc","Video","mp4 mkv mov webm avi mpeg flv ts wmv mp3 wav flac aac m4a ogg opus aiff wma ac3 caf gif png jpg","Video destinations require a video stream. Audio destinations require an audio stream. PNG/JPG save one still; GIF exports the first 15 seconds."
"wady","Video","mp4 mkv mov webm avi mpeg flv ts wmv mp3 wav flac aac m4a ogg opus aiff wma ac3 caf gif png jpg","Video destinations require a video stream. Audio destinations require an audio stream. PNG/JPG save one still; GIF exports the first 15 seconds."
"wc3movie","Video","mp4 mkv mov webm avi mpeg flv ts wmv mp3 wav flac aac m4a ogg opus aiff wma ac3 caf gif png jpg","Video destinations require a video stream. Audio destinations require an audio stream. PNG/JPG save one still; GIF exports the first 15 seconds."
"webm_dash_manifest","Video","mp4 mkv mov webm avi mpeg flv ts wmv mp3 wav flac aac m4a ogg opus aiff wma ac3 caf gif png jpg","Video destinations require a video stream. Audio destinations require an audio stream. PNG/JPG save one still; GIF exports the first 15 seconds."
"webp_anim","Video","mp4 mkv mov webm avi mpeg flv ts wmv mp3 wav flac aac m4a ogg opus aiff wma ac3 caf gif png jpg","Video destinations require a video stream. Audio destinations require an audio stream. PNG/JPG save one still; GIF exports the first 15 seconds."
"webp_pipe","Video","mp4 mkv mov webm avi mpeg flv ts wmv mp3 wav flac aac m4a ogg opus aiff wma ac3 caf gif png jpg","Video destinations require a video stream. Audio destinations require an audio stream. PNG/JPG save one still; GIF exports the first 15 seconds."
"wsd","Video","mp4 mkv mov webm avi mpeg flv ts wmv mp3 wav flac aac m4a ogg opus aiff wma ac3 caf gif png jpg","Video destinations require a video stream. Audio destinations require an audio stream. PNG/JPG save one still; GIF exports the first 15 seconds."
"wsvqa","Video","mp4 mkv mov webm avi mpeg flv ts wmv mp3 wav flac aac m4a ogg opus aiff wma ac3 caf gif png jpg","Video destinations require a video stream. Audio destinations require an audio stream. PNG/JPG save one still; GIF exports the first 15 seconds."
"wtv","Video","mp4 mkv mov webm avi mpeg flv ts wmv mp3 wav flac aac m4a ogg opus aiff wma ac3 caf gif png jpg","Video destinations require a video stream. Audio destinations require an audio stream. PNG/JPG save one still; GIF exports the first 15 seconds."
"wv","Video","mp4 mkv mov webm avi mpeg flv ts wmv mp3 wav flac aac m4a ogg opus aiff wma ac3 caf gif png jpg","Video destinations require a video stream. Audio destinations require an audio stream. PNG/JPG save one still; GIF exports the first 15 seconds."
"xa","Video","mp4 mkv mov webm avi mpeg flv ts wmv mp3 wav flac aac m4a ogg opus aiff wma ac3 caf gif png jpg","Video destinations require a video stream. Audio destinations require an audio stream. PNG/JPG save one still; GIF exports the first 15 seconds."
"xbin","Video","mp4 mkv mov webm avi mpeg flv ts wmv mp3 wav flac aac m4a ogg opus aiff wma ac3 caf gif png jpg","Video destinations require a video stream. Audio destinations require an audio stream. PNG/JPG save one still; GIF exports the first 15 seconds."
"xbm_pipe","Video","mp4 mkv mov webm avi mpeg flv ts wmv mp3 wav flac aac m4a ogg opus aiff wma ac3 caf gif png jpg","Video destinations require a video stream. Audio destinations require an audio stream. PNG/JPG save one still; GIF exports the first 15 seconds."
"xmd","Video","mp4 mkv mov webm avi mpeg flv ts wmv mp3 wav flac aac m4a ogg opus aiff wma ac3 caf gif png jpg","Video destinations require a video stream. Audio destinations require an audio stream. PNG/JPG save one still; GIF exports the first 15 seconds."
"xmv","Video","mp4 mkv mov webm avi mpeg flv ts wmv mp3 wav flac aac m4a ogg opus aiff wma ac3 caf gif png jpg","Video destinations require a video stream. Audio destinations require an audio stream. PNG/JPG save one still; GIF exports the first 15 seconds."
"xpm_pipe","Video","mp4 mkv mov webm avi mpeg flv ts wmv mp3 wav flac aac m4a ogg opus aiff wma ac3 caf gif png jpg","Video destinations require a video stream. Audio destinations require an audio stream. PNG/JPG save one still; GIF exports the first 15 seconds."
"xvag","Video","mp4 mkv mov webm avi mpeg flv ts wmv mp3 wav flac aac m4a ogg opus aiff wma ac3 caf gif png jpg","Video destinations require a video stream. Audio destinations require an audio stream. PNG/JPG save one still; GIF exports the first 15 seconds."
"xwd_pipe","Video","mp4 mkv mov webm avi mpeg flv ts wmv mp3 wav flac aac m4a ogg opus aiff wma ac3 caf gif png jpg","Video destinations require a video stream. Audio destinations require an audio stream. PNG/JPG save one still; GIF exports the first 15 seconds."
"xwma","Video","mp4 mkv mov webm avi mpeg flv ts wmv mp3 wav flac aac m4a ogg opus aiff wma ac3 caf gif png jpg","Video destinations require a video stream. Audio destinations require an audio stream. PNG/JPG save one still; GIF exports the first 15 seconds."
"yop","Video","mp4 mkv mov webm avi mpeg flv ts wmv mp3 wav flac aac m4a ogg opus aiff wma ac3 caf gif png jpg","Video destinations require a video stream. Audio destinations require an audio stream. PNG/JPG save one still; GIF exports the first 15 seconds."
"yuv4mpegpipe","Video","mp4 mkv mov webm avi mpeg flv ts wmv mp3 wav flac aac m4a ogg opus aiff wma ac3 caf gif png jpg","Video destinations require a video stream. Audio destinations require an audio stream. PNG/JPG save one still; GIF exports the first 15 seconds."
"mp3","Audio","wav flac aac m4a ogg opus aiff wma ac3 caf",""
"wav","Audio","mp3 flac aac m4a ogg opus aiff wma ac3 caf",""
"flac","Audio","mp3 wav aac m4a ogg opus aiff wma ac3 caf",""
"aac","Audio","mp3 wav flac m4a ogg opus aiff wma ac3 caf",""
"m4a","Audio","mp3 wav flac aac ogg opus aiff wma ac3 caf",""
"ogg","Audio","mp3 wav flac aac m4a opus aiff wma ac3 caf",""
"opus","Audio","mp3 wav flac aac m4a ogg aiff wma ac3 caf",""
"aiff","Audio","mp3 wav flac aac m4a ogg opus wma ac3 caf",""
"aif","Audio","mp3 wav flac aac m4a ogg opus wma ac3 caf",""
"wma","Audio","mp3 wav flac aac m4a ogg opus aiff ac3 caf",""
"amr","Audio","mp3 wav flac aac m4a ogg opus aiff wma ac3 caf",""
"ac3","Audio","mp3 wav flac aac m4a ogg opus aiff wma caf",""
"caf","Audio","mp3 wav flac aac m4a ogg opus aiff wma ac3",""
"ace","Audio","mp3 wav flac aac m4a ogg opus aiff wma ac3 caf",""
"aea","Audio","mp3 wav flac aac m4a ogg opus aiff wma ac3 caf",""
"alaw","Audio","mp3 wav flac aac m4a ogg opus aiff wma ac3 caf",""
"alias_pix","Audio","mp3 wav flac aac m4a ogg opus aiff wma ac3 caf",""
"ape","Audio","mp3 wav flac aac m4a ogg opus aiff wma ac3 caf",""
"ast","Audio","mp3 wav flac aac m4a ogg opus aiff wma ac3 caf",""
"avr","Audio","mp3 wav flac aac m4a ogg opus aiff wma ac3 caf",""
"binka","Audio","mp3 wav flac aac m4a ogg opus aiff wma ac3 caf",""
"boa","Audio","mp3 wav flac aac m4a ogg opus aiff wma ac3 caf",""
"cavsvideo","Audio","mp3 wav flac aac m4a ogg opus aiff wma ac3 caf",""
"daud","Audio","mp3 wav flac aac m4a ogg opus aiff wma ac3 caf",""
"epaf","Audio","mp3 wav flac aac m4a ogg opus aiff wma ac3 caf",""
"f32be","Audio","mp3 wav flac aac m4a ogg opus aiff wma ac3 caf",""
"f32le","Audio","mp3 wav flac aac m4a ogg opus aiff wma ac3 caf",""
"f64be","Audio","mp3 wav flac aac m4a ogg opus aiff wma ac3 caf",""
"f64le","Audio","mp3 wav flac aac m4a ogg opus aiff wma ac3 caf",""
"fwse","Audio","mp3 wav flac aac m4a ogg opus aiff wma ac3 caf",""
"iamf","Audio","mp3 wav flac aac m4a ogg opus aiff wma ac3 caf",""
"ircam","Audio","mp3 wav flac aac m4a ogg opus aiff wma ac3 caf",""
"laf","Audio","mp3 wav flac aac m4a ogg opus aiff wma ac3 caf",""
"loas","Audio","mp3 wav flac aac m4a ogg opus aiff wma ac3 caf",""
"mca","Audio","mp3 wav flac aac m4a ogg opus aiff wma ac3 caf",""
"mulaw","Audio","mp3 wav flac aac m4a ogg opus aiff wma ac3 caf",""
"oma","Audio","mp3 wav flac aac m4a ogg opus aiff wma ac3 caf",""
"pp_bnk","Audio","mp3 wav flac aac m4a ogg opus aiff wma ac3 caf",""
"rka","Audio","mp3 wav flac aac m4a ogg opus aiff wma ac3 caf",""
"s16be","Audio","mp3 wav flac aac m4a ogg opus aiff wma ac3 caf",""
"s16le","Audio","mp3 wav flac aac m4a ogg opus aiff wma ac3 caf",""
"s24be","Audio","mp3 wav flac aac m4a ogg opus aiff wma ac3 caf",""
"s24le","Audio","mp3 wav flac aac m4a ogg opus aiff wma ac3 caf",""
"s32be","Audio","mp3 wav flac aac m4a ogg opus aiff wma ac3 caf",""
"s32le","Audio","mp3 wav flac aac m4a ogg opus aiff wma ac3 caf",""
"s8","Audio","mp3 wav flac aac m4a ogg opus aiff wma ac3 caf",""
"sln","Audio","mp3 wav flac aac m4a ogg opus aiff wma ac3 caf",""
"sox","Audio","mp3 wav flac aac m4a ogg opus aiff wma ac3 caf",""
"swf","Audio","mp3 wav flac aac m4a ogg opus aiff wma ac3 caf",""
"tta","Audio","mp3 wav flac aac m4a ogg opus aiff wma ac3 caf",""
"u16be","Audio","mp3 wav flac aac m4a ogg opus aiff wma ac3 caf",""
"u16le","Audio","mp3 wav flac aac m4a ogg opus aiff wma ac3 caf",""
"u24be","Audio","mp3 wav flac aac m4a ogg opus aiff wma ac3 caf",""
"u24le","Audio","mp3 wav flac aac m4a ogg opus aiff wma ac3 caf",""
"u32be","Audio","mp3 wav flac aac m4a ogg opus aiff wma ac3 caf",""
"u32le","Audio","mp3 wav flac aac m4a ogg opus aiff wma ac3 caf",""
"u8","Audio","mp3 wav flac aac m4a ogg opus aiff wma ac3 caf",""
"vidc","Audio","mp3 wav flac aac m4a ogg opus aiff wma ac3 caf",""
"w64","Audio","mp3 wav flac aac m4a ogg opus aiff wma ac3 caf",""
"wavarc","Audio","mp3 wav flac aac m4a ogg opus aiff wma ac3 caf",""
"wsaud","Audio","mp3 wav flac aac m4a ogg opus aiff wma ac3 caf",""
"wve","Audio","mp3 wav flac aac m4a ogg opus aiff wma ac3 caf",""
"docx","Documents & ebooks","odt rtf txt md html rst tex org epub fb2 pdf doc mobi azw3","Layout may change; text destinations omit unsupported styling. Legacy/native formats depend on the installed importer and file version."
"doc","Documents & ebooks","pdf docx odt rtf txt html md rst tex org epub fb2","Layout may change; text destinations omit unsupported styling. Legacy/native formats depend on the installed importer and file version."
"docm","Documents & ebooks","pdf docx doc odt rtf txt html md rst tex org epub fb2","Layout may change; text destinations omit unsupported styling. Legacy/native formats depend on the installed importer and file version."
"odt","Documents & ebooks","docx rtf txt md html rst tex org epub fb2 pdf doc mobi azw3","Layout may change; text destinations omit unsupported styling. Legacy/native formats depend on the installed importer and file version."
"ott","Documents & ebooks","pdf docx doc odt rtf txt html md rst tex org epub fb2","Layout may change; text destinations omit unsupported styling. Legacy/native formats depend on the installed importer and file version."
"rtf","Documents & ebooks","docx odt txt md html rst tex org epub fb2 pdf doc mobi azw3","Layout may change; text destinations omit unsupported styling. Legacy/native formats depend on the installed importer and file version."
"txt","Documents & ebooks","docx odt rtf md html rst tex org epub fb2 pdf doc mobi azw3","Layout may change; text destinations omit unsupported styling. Legacy/native formats depend on the installed importer and file version."
"md","Documents & ebooks","docx odt rtf txt html rst tex org epub fb2 pdf doc","Layout may change; text destinations omit unsupported styling. Legacy/native formats depend on the installed importer and file version."
"markdown","Documents & ebooks","docx odt rtf txt html rst tex org epub fb2 pdf doc","Layout may change; text destinations omit unsupported styling. Legacy/native formats depend on the installed importer and file version."
"html","Documents & ebooks","docx odt rtf txt md rst tex org epub fb2 pdf doc mobi azw3","Layout may change; text destinations omit unsupported styling. Legacy/native formats depend on the installed importer and file version."
"htm","Documents & ebooks","docx odt rtf txt md rst tex org epub fb2 pdf doc","Layout may change; text destinations omit unsupported styling. Legacy/native formats depend on the installed importer and file version."
"rst","Documents & ebooks","docx odt rtf txt md html tex org epub fb2 pdf","Layout may change; text destinations omit unsupported styling. Legacy/native formats depend on the installed importer and file version."
"tex","Documents & ebooks","docx odt rtf txt md html rst org epub fb2 pdf","Layout may change; text destinations omit unsupported styling. Legacy/native formats depend on the installed importer and file version."
"latex","Documents & ebooks","docx odt rtf txt md html rst org epub fb2 pdf","Layout may change; text destinations omit unsupported styling. Legacy/native formats depend on the installed importer and file version."
"org","Documents & ebooks","docx odt rtf txt md html rst tex epub fb2 pdf","Layout may change; text destinations omit unsupported styling. Legacy/native formats depend on the installed importer and file version."
"epub","Documents & ebooks","docx odt rtf txt md html rst tex org fb2 pdf doc mobi azw3","Layout may change; text destinations omit unsupported styling. Legacy/native formats depend on the installed importer and file version."
"fb2","Documents & ebooks","docx odt rtf txt md html rst tex org epub pdf doc mobi azw3","Layout may change; text destinations omit unsupported styling. Legacy/native formats depend on the installed importer and file version."
"wpd","Documents & ebooks","pdf docx doc odt rtf txt html md rst tex org epub fb2","Layout may change; text destinations omit unsupported styling. Legacy/native formats depend on the installed importer and file version."
"602","Documents & ebooks","pdf docx doc odt rtf txt html md rst tex org epub fb2","Layout may change; text destinations omit unsupported styling. Legacy/native formats depend on the installed importer and file version."
"abw","Documents & ebooks","pdf docx doc odt rtf txt html md rst tex org epub fb2","Layout may change; text destinations omit unsupported styling. Legacy/native formats depend on the installed importer and file version."
"cwk","Documents & ebooks","pdf docx doc odt rtf txt html md rst tex org epub fb2","Layout may change; text destinations omit unsupported styling. Legacy/native formats depend on the installed importer and file version."
"dot","Documents & ebooks","pdf docx doc odt rtf txt html md rst tex org epub fb2","Layout may change; text destinations omit unsupported styling. Legacy/native formats depend on the installed importer and file version."
"dotm","Documents & ebooks","pdf docx doc odt rtf txt html md rst tex org epub fb2","Layout may change; text destinations omit unsupported styling. Legacy/native formats depend on the installed importer and file version."
"dotx","Documents & ebooks","pdf docx doc odt rtf txt html md rst tex org epub fb2","Layout may change; text destinations omit unsupported styling. Legacy/native formats depend on the installed importer and file version."
"fodt","Documents & ebooks","pdf docx doc odt rtf txt html md rst tex org epub fb2","Layout may change; text destinations omit unsupported styling. Legacy/native formats depend on the installed importer and file version."
"hwp","Documents & ebooks","pdf docx doc odt rtf txt html md rst tex org epub fb2","Layout may change; text destinations omit unsupported styling. Legacy/native formats depend on the installed importer and file version."
"lwp","Documents & ebooks","pdf docx doc odt rtf txt html md rst tex org epub fb2","Layout may change; text destinations omit unsupported styling. Legacy/native formats depend on the installed importer and file version."
"mcw","Documents & ebooks","pdf docx doc odt rtf txt html md rst tex org epub fb2","Layout may change; text destinations omit unsupported styling. Legacy/native formats depend on the installed importer and file version."
"mw","Documents & ebooks","pdf docx doc odt rtf txt html md rst tex org epub fb2","Layout may change; text destinations omit unsupported styling. Legacy/native formats depend on the installed importer and file version."
"mwd","Documents & ebooks","pdf docx doc odt rtf txt html md rst tex org epub fb2","Layout may change; text destinations omit unsupported styling. Legacy/native formats depend on the installed importer and file version."
"odm","Documents & ebooks","pdf docx doc odt rtf txt html md rst tex org epub fb2","Layout may change; text destinations omit unsupported styling. Legacy/native formats depend on the installed importer and file version."
"oth","Documents & ebooks","pdf docx doc odt rtf txt html md rst tex org epub fb2","Layout may change; text destinations omit unsupported styling. Legacy/native formats depend on the installed importer and file version."
"otm","Documents & ebooks","pdf docx doc odt rtf txt html md rst tex org epub fb2","Layout may change; text destinations omit unsupported styling. Legacy/native formats depend on the installed importer and file version."
"pages","Documents & ebooks","pdf docx doc odt rtf txt html md rst tex org epub fb2","Layout may change; text destinations omit unsupported styling. Legacy/native formats depend on the installed importer and file version."
"psw","Documents & ebooks","pdf docx doc odt rtf txt html md rst tex org epub fb2","Layout may change; text destinations omit unsupported styling. Legacy/native formats depend on the installed importer and file version."
"sdw","Documents & ebooks","pdf docx doc odt rtf txt html md rst tex org epub fb2","Layout may change; text destinations omit unsupported styling. Legacy/native formats depend on the installed importer and file version."
"stw","Documents & ebooks","pdf docx doc odt rtf txt html md rst tex org epub fb2","Layout may change; text destinations omit unsupported styling. Legacy/native formats depend on the installed importer and file version."
"sxg","Documents & ebooks","pdf docx doc odt rtf txt html md rst tex org epub fb2","Layout may change; text destinations omit unsupported styling. Legacy/native formats depend on the installed importer and file version."
"sxw","Documents & ebooks","pdf docx doc odt rtf txt html md rst tex org epub fb2","Layout may change; text destinations omit unsupported styling. Legacy/native formats depend on the installed importer and file version."
"tab","Documents & ebooks","pdf docx doc odt rtf txt html md rst tex org epub fb2","Layout may change; text destinations omit unsupported styling. Legacy/native formats depend on the installed importer and file version."
"wn","Documents & ebooks","pdf docx doc odt rtf txt html md rst tex org epub fb2","Layout may change; text destinations omit unsupported styling. Legacy/native formats depend on the installed importer and file version."
"wps","Documents & ebooks","pdf docx doc odt rtf txt html md rst tex org epub fb2","Layout may change; text destinations omit unsupported styling. Legacy/native formats depend on the installed importer and file version."
"wpt","Documents & ebooks","pdf docx doc odt rtf txt html md rst tex org epub fb2","Layout may change; text destinations omit unsupported styling. Legacy/native formats depend on the installed importer and file version."
"wri","Documents & ebooks","pdf docx doc odt rtf txt html md rst tex org epub fb2","Layout may change; text destinations omit unsupported styling. Legacy/native formats depend on the installed importer and file version."
"xhtml","Documents & ebooks","pdf docx doc odt rtf txt html md rst tex org epub fb2","Layout may change; text destinations omit unsupported styling. Legacy/native formats depend on the installed importer and file version."
"xlc","Documents & ebooks","pdf docx doc odt rtf txt html md rst tex org epub fb2","Layout may change; text destinations omit unsupported styling. Legacy/native formats depend on the installed importer and file version."
"xlm","Documents & ebooks","pdf docx doc odt rtf txt html md rst tex org epub fb2","Layout may change; text destinations omit unsupported styling. Legacy/native formats depend on the installed importer and file version."
"xlw","Documents & ebooks","pdf docx doc odt rtf txt html md rst tex org epub fb2","Layout may change; text destinations omit unsupported styling. Legacy/native formats depend on the installed importer and file version."
"zabw","Documents & ebooks","pdf docx doc odt rtf txt html md rst tex org epub fb2","Layout may change; text destinations omit unsupported styling. Legacy/native formats depend on the installed importer and file version."
"asciidoc","Documents & ebooks","docx odt rtf txt md html rst tex org epub fb2 pdf","Layout may change; text destinations omit unsupported styling. Legacy/native formats depend on the installed importer and file version."
"biblatex","Documents & ebooks","docx odt rtf txt md html rst tex org epub fb2 pdf","Layout may change; text destinations omit unsupported styling. Legacy/native formats depend on the installed importer and file version."
"bibtex","Documents & ebooks","docx odt rtf txt md html rst tex org epub fb2 pdf","Layout may change; text destinations omit unsupported styling. Legacy/native formats depend on the installed importer and file version."
"bits","Documents & ebooks","docx odt rtf txt md html rst tex org epub fb2 pdf","Layout may change; text destinations omit unsupported styling. Legacy/native formats depend on the installed importer and file version."
"commonmark","Documents & ebooks","docx odt rtf txt md html rst tex org epub fb2 pdf","Layout may change; text destinations omit unsupported styling. Legacy/native formats depend on the installed importer and file version."
"commonmark_x","Documents & ebooks","docx odt rtf txt md html rst tex org epub fb2 pdf","Layout may change; text destinations omit unsupported styling. Legacy/native formats depend on the installed importer and file version."
"creole","Documents & ebooks","docx odt rtf txt md html rst tex org epub fb2 pdf","Layout may change; text destinations omit unsupported styling. Legacy/native formats depend on the installed importer and file version."
"csljson","Documents & ebooks","docx odt rtf txt md html rst tex org epub fb2 pdf","Layout may change; text destinations omit unsupported styling. Legacy/native formats depend on the installed importer and file version."
"djot","Documents & ebooks","docx odt rtf txt md html rst tex org epub fb2 pdf","Layout may change; text destinations omit unsupported styling. Legacy/native formats depend on the installed importer and file version."
"docbook","Documents & ebooks","docx odt rtf txt md html rst tex org epub fb2 pdf","Layout may change; text destinations omit unsupported styling. Legacy/native formats depend on the installed importer and file version."
"dokuwiki","Documents & ebooks","docx odt rtf txt md html rst tex org epub fb2 pdf","Layout may change; text destinations omit unsupported styling. Legacy/native formats depend on the installed importer and file version."
"endnotexml","Documents & ebooks","docx odt rtf txt md html rst tex org epub fb2 pdf","Layout may change; text destinations omit unsupported styling. Legacy/native formats depend on the installed importer and file version."
"gfm","Documents & ebooks","docx odt rtf txt md html rst tex org epub fb2 pdf","Layout may change; text destinations omit unsupported styling. Legacy/native formats depend on the installed importer and file version."
"haddock","Documents & ebooks","docx odt rtf txt md html rst tex org epub fb2 pdf","Layout may change; text destinations omit unsupported styling. Legacy/native formats depend on the installed importer and file version."
"ipynb","Documents & ebooks","docx odt rtf txt md html rst tex org epub fb2 pdf","Layout may change; text destinations omit unsupported styling. Legacy/native formats depend on the installed importer and file version."
"jats","Documents & ebooks","docx odt rtf txt md html rst tex org epub fb2 pdf","Layout may change; text destinations omit unsupported styling. Legacy/native formats depend on the installed importer and file version."
"jira","Documents & ebooks","docx odt rtf txt md html rst tex org epub fb2 pdf","Layout may change; text destinations omit unsupported styling. Legacy/native formats depend on the installed importer and file version."
"man","Documents & ebooks","docx odt rtf txt md html rst tex org epub fb2 pdf","Layout may change; text destinations omit unsupported styling. Legacy/native formats depend on the installed importer and file version."
"markdown_github","Documents & ebooks","docx odt rtf txt md html rst tex org epub fb2 pdf","Layout may change; text destinations omit unsupported styling. Legacy/native formats depend on the installed importer and file version."
"markdown_mmd","Documents & ebooks","docx odt rtf txt md html rst tex org epub fb2 pdf","Layout may change; text destinations omit unsupported styling. Legacy/native formats depend on the installed importer and file version."
"markdown_phpextra","Documents & ebooks","docx odt rtf txt md html rst tex org epub fb2 pdf","Layout may change; text destinations omit unsupported styling. Legacy/native formats depend on the installed importer and file version."
"markdown_strict","Documents & ebooks","docx odt rtf txt md html rst tex org epub fb2 pdf","Layout may change; text destinations omit unsupported styling. Legacy/native formats depend on the installed importer and file version."
"mdoc","Documents & ebooks","docx odt rtf txt md html rst tex org epub fb2 pdf","Layout may change; text destinations omit unsupported styling. Legacy/native formats depend on the installed importer and file version."
"mediawiki","Documents & ebooks","docx odt rtf txt md html rst tex org epub fb2 pdf","Layout may change; text destinations omit unsupported styling. Legacy/native formats depend on the installed importer and file version."
"muse","Documents & ebooks","docx odt rtf txt md html rst tex org epub fb2 pdf","Layout may change; text destinations omit unsupported styling. Legacy/native formats depend on the installed importer and file version."
"opml","Documents & ebooks","docx odt rtf txt md html rst tex org epub fb2 pdf","Layout may change; text destinations omit unsupported styling. Legacy/native formats depend on the installed importer and file version."
"pod","Documents & ebooks","docx odt rtf txt md html rst tex org epub fb2 pdf","Layout may change; text destinations omit unsupported styling. Legacy/native formats depend on the installed importer and file version."
"ris","Documents & ebooks","docx odt rtf txt md html rst tex org epub fb2 pdf","Layout may change; text destinations omit unsupported styling. Legacy/native formats depend on the installed importer and file version."
"t2t","Documents & ebooks","docx odt rtf txt md html rst tex org epub fb2 pdf","Layout may change; text destinations omit unsupported styling. Legacy/native formats depend on the installed importer and file version."
"textile","Documents & ebooks","docx odt rtf txt md html rst tex org epub fb2 pdf","Layout may change; text destinations omit unsupported styling. Legacy/native formats depend on the installed importer and file version."
"tikiwiki","Documents & ebooks","docx odt rtf txt md html rst tex org epub fb2 pdf","Layout may change; text destinations omit unsupported styling. Legacy/native formats depend on the installed importer and file version."
"twiki","Documents & ebooks","docx odt rtf txt md html rst tex org epub fb2 pdf","Layout may change; text destinations omit unsupported styling. Legacy/native formats depend on the installed importer and file version."
"typst","Documents & ebooks","docx odt rtf txt md html rst tex org epub fb2 pdf","Layout may change; text destinations omit unsupported styling. Legacy/native formats depend on the installed importer and file version."
"vimwiki","Documents & ebooks","docx odt rtf txt md html rst tex org epub fb2 pdf","Layout may change; text destinations omit unsupported styling. Legacy/native formats depend on the installed importer and file version."
"pdf","PDF","png jpg txt html docx md epub","PNG/JPG exports every page; multipage images become a ZIP. DOCX reconstruction is approximate. Text output omits layout; scanned PDFs use English OCR when available."
"xlsx","Spreadsheets","xls ods csv tsv pdf html","CSV/TSV exports first-sheet values. Workbook layout and additional sheets do not survive a table export."
"xls","Spreadsheets","xlsx ods csv tsv pdf html","CSV/TSV exports first-sheet values. Workbook layout and additional sheets do not survive a table export."
"xlsm","Spreadsheets","xlsx xls ods csv tsv pdf html","CSV/TSV exports first-sheet values. Workbook layout and additional sheets do not survive a table export."
"xlsb","Spreadsheets","xlsx xls ods csv tsv pdf html","CSV/TSV exports first-sheet values. Workbook layout and additional sheets do not survive a table export."
"ods","Spreadsheets","xlsx xls csv tsv pdf html","CSV/TSV exports first-sheet values. Workbook layout and additional sheets do not survive a table export."
"csv","Spreadsheets","xlsx xls ods tsv pdf html json yaml xml parquet feather ndjson","CSV/TSV exports first-sheet values. Workbook layout and additional sheets do not survive a table export."
"tsv","Spreadsheets","xlsx xls ods csv pdf html json yaml xml parquet feather ndjson","CSV/TSV exports first-sheet values. Workbook layout and additional sheets do not survive a table export."
"123","Spreadsheets","xlsx xls ods csv tsv pdf html","CSV/TSV exports first-sheet values. Workbook layout and additional sheets do not survive a table export."
"dbf","Spreadsheets","xlsx xls ods csv tsv pdf html","CSV/TSV exports first-sheet values. Workbook layout and additional sheets do not survive a table export."
"dif","Spreadsheets","xlsx xls ods csv tsv pdf html","CSV/TSV exports first-sheet values. Workbook layout and additional sheets do not survive a table export."
"et","Spreadsheets","xlsx xls ods csv tsv pdf html","CSV/TSV exports first-sheet values. Workbook layout and additional sheets do not survive a table export."
"ett","Spreadsheets","xlsx xls ods csv tsv pdf html","CSV/TSV exports first-sheet values. Workbook layout and additional sheets do not survive a table export."
"fods","Spreadsheets","xlsx xls ods csv tsv pdf html","CSV/TSV exports first-sheet values. Workbook layout and additional sheets do not survive a table export."
"gnm","Spreadsheets","xlsx xls ods csv tsv pdf html","CSV/TSV exports first-sheet values. Workbook layout and additional sheets do not survive a table export."
"gnumeric","Spreadsheets","xlsx xls ods csv tsv pdf html","CSV/TSV exports first-sheet values. Workbook layout and additional sheets do not survive a table export."
"mp","Spreadsheets","xlsx xls ods csv tsv pdf html","CSV/TSV exports first-sheet values. Workbook layout and additional sheets do not survive a table export."
"numbers","Spreadsheets","xlsx xls ods csv tsv pdf html","CSV/TSV exports first-sheet values. Workbook layout and additional sheets do not survive a table export."
"ots","Spreadsheets","xlsx xls ods csv tsv pdf html","CSV/TSV exports first-sheet values. Workbook layout and additional sheets do not survive a table export."
"sdc","Spreadsheets","xlsx xls ods csv tsv pdf html","CSV/TSV exports first-sheet values. Workbook layout and additional sheets do not survive a table export."
"slk","Spreadsheets","xlsx xls ods csv tsv pdf html","CSV/TSV exports first-sheet values. Workbook layout and additional sheets do not survive a table export."
"stc","Spreadsheets","xlsx xls ods csv tsv pdf html","CSV/TSV exports first-sheet values. Workbook layout and additional sheets do not survive a table export."
"sxc","Spreadsheets","xlsx xls ods csv tsv pdf html","CSV/TSV exports first-sheet values. Workbook layout and additional sheets do not survive a table export."
"sylk","Spreadsheets","xlsx xls ods csv tsv pdf html","CSV/TSV exports first-sheet values. Workbook layout and additional sheets do not survive a table export."
"wb1","Spreadsheets","xlsx xls ods csv tsv pdf html","CSV/TSV exports first-sheet values. Workbook layout and additional sheets do not survive a table export."
"wb2","Spreadsheets","xlsx xls ods csv tsv pdf html","CSV/TSV exports first-sheet values. Workbook layout and additional sheets do not survive a table export."
"wdb","Spreadsheets","xlsx xls ods csv tsv pdf html","CSV/TSV exports first-sheet values. Workbook layout and additional sheets do not survive a table export."
"wk1","Spreadsheets","xlsx xls ods csv tsv pdf html","CSV/TSV exports first-sheet values. Workbook layout and additional sheets do not survive a table export."
"wk3","Spreadsheets","xlsx xls ods csv tsv pdf html","CSV/TSV exports first-sheet values. Workbook layout and additional sheets do not survive a table export."
"wk4","Spreadsheets","xlsx xls ods csv tsv pdf html","CSV/TSV exports first-sheet values. Workbook layout and additional sheets do not survive a table export."
"wks","Spreadsheets","xlsx xls ods csv tsv pdf html","CSV/TSV exports first-sheet values. Workbook layout and additional sheets do not survive a table export."
"wq1","Spreadsheets","xlsx xls ods csv tsv pdf html","CSV/TSV exports first-sheet values. Workbook layout and additional sheets do not survive a table export."
"wq2","Spreadsheets","xlsx xls ods csv tsv pdf html","CSV/TSV exports first-sheet values. Workbook layout and additional sheets do not survive a table export."
"xlk","Spreadsheets","xlsx xls ods csv tsv pdf html","CSV/TSV exports first-sheet values. Workbook layout and additional sheets do not survive a table export."
"xlt","Spreadsheets","xlsx xls ods csv tsv pdf html","CSV/TSV exports first-sheet values. Workbook layout and additional sheets do not survive a table export."
"xltm","Spreadsheets","xlsx xls ods csv tsv pdf html","CSV/TSV exports first-sheet values. Workbook layout and additional sheets do not survive a table export."
"xltx","Spreadsheets","xlsx xls ods csv tsv pdf html","CSV/TSV exports first-sheet values. Workbook layout and additional sheets do not survive a table export."
"pptx","Presentations","ppt odp pdf",""
"ppt","Presentations","pptx odp pdf",""
"pptm","Presentations","pptx ppt odp pdf",""
"odp","Presentations","pptx ppt pdf",""
"pps","Presentations","pptx ppt odp pdf",""
"ppsx","Presentations","pptx ppt odp pdf",""
"potx","Presentations","pptx ppt odp pdf",""
"dps","Presentations","pptx ppt odp pdf",""
"dpt","Presentations","pptx ppt odp pdf",""
"fodp","Presentations","pptx ppt odp pdf",""
"key","Presentations","pptx ppt odp pdf",""
"otp","Presentations","pptx ppt odp pdf",""
"pot","Presentations","pptx ppt odp pdf",""
"potm","Presentations","pptx ppt odp pdf",""
"sdd","Presentations","pptx ppt odp pdf",""
"sti","Presentations","pptx ppt odp pdf",""
"sxd","Presentations","pptx ppt odp pdf",""
"sxi","Presentations","pptx ppt odp pdf",""
"json","Structured data","yaml xml csv tsv parquet feather ndjson","CSV/TSV/Parquet/Feather/NDJSON require flat records; structured JSON/YAML/XML may retain nesting."
"yaml","Structured data","json xml csv tsv","CSV/TSV/Parquet/Feather/NDJSON require flat records; structured JSON/YAML/XML may retain nesting."
"yml","Structured data","json xml csv tsv","CSV/TSV/Parquet/Feather/NDJSON require flat records; structured JSON/YAML/XML may retain nesting."
"xml","Structured data","json yaml csv tsv","CSV/TSV/Parquet/Feather/NDJSON require flat records; structured JSON/YAML/XML may retain nesting."
"zip","Archives","tar tgz tbz2 txz 7z","Extracts into a new folder. Safe paths only; links rejected. 2 GB expanded-data and 25,000-entry limit. RAR is an input, not an output."
"tar","Archives","zip tgz tbz2 txz 7z","Extracts into a new folder. Safe paths only; links rejected. 2 GB expanded-data and 25,000-entry limit. RAR is an input, not an output."
"tgz","Archives","zip tar tbz2 txz 7z","Extracts into a new folder. Safe paths only; links rejected. 2 GB expanded-data and 25,000-entry limit. RAR is an input, not an output."
"tar.gz","Archives","zip tar tbz2 txz 7z","Extracts into a new folder. Safe paths only; links rejected. 2 GB expanded-data and 25,000-entry limit. RAR is an input, not an output."
"tbz2","Archives","zip tar tgz txz 7z","Extracts into a new folder. Safe paths only; links rejected. 2 GB expanded-data and 25,000-entry limit. RAR is an input, not an output."
"tar.bz2","Archives","zip tar tgz txz 7z","Extracts into a new folder. Safe paths only; links rejected. 2 GB expanded-data and 25,000-entry limit. RAR is an input, not an output."
"txz","Archives","zip tar tgz tbz2 7z","Extracts into a new folder. Safe paths only; links rejected. 2 GB expanded-data and 25,000-entry limit. RAR is an input, not an output."
"tar.xz","Archives","zip tar tgz tbz2 7z","Extracts into a new folder. Safe paths only; links rejected. 2 GB expanded-data and 25,000-entry limit. RAR is an input, not an output."
"gz","Archives","zip tar tgz tbz2 txz 7z","Extracts into a new folder. Safe paths only; links rejected. 2 GB expanded-data and 25,000-entry limit. RAR is an input, not an output."
"bz2","Archives","zip tar tgz tbz2 txz 7z","Extracts into a new folder. Safe paths only; links rejected. 2 GB expanded-data and 25,000-entry limit. RAR is an input, not an output."
"xz","Archives","zip tar tgz tbz2 txz 7z","Extracts into a new folder. Safe paths only; links rejected. 2 GB expanded-data and 25,000-entry limit. RAR is an input, not an output."
"7z","Archives","zip tar tgz tbz2 txz","Extracts into a new folder. Safe paths only; links rejected. 2 GB expanded-data and 25,000-entry limit. RAR is an input, not an output."
"rar","Archives","zip tar tgz tbz2 txz 7z","Extracts into a new folder. Safe paths only; links rejected. 2 GB expanded-data and 25,000-entry limit. RAR is an input, not an output."
"mobi","Kindle & ebooks","epub azw3 pdf txt docx rtf fb2","Unencrypted files only. Device features and layout may change."
"azw","Kindle & ebooks","epub mobi azw3 pdf txt docx rtf fb2","Unencrypted files only. Device features and layout may change."
"azw3","Kindle & ebooks","epub mobi pdf txt docx rtf fb2","Unencrypted files only. Device features and layout may change."
"prc","Kindle & ebooks","epub mobi azw3 pdf txt docx rtf fb2","Unencrypted files only. Device features and layout may change."
"pdb","Kindle & ebooks","epub mobi azw3 pdf txt docx rtf fb2","Unencrypted files only. Device features and layout may change."
"lit","Kindle & ebooks","epub mobi azw3 pdf txt docx rtf fb2","Unencrypted files only. Device features and layout may change."
"lrf","Kindle & ebooks","epub mobi azw3 pdf txt docx rtf fb2","Unencrypted files only. Device features and layout may change."
"pml","Kindle & ebooks","epub mobi azw3 pdf txt docx rtf fb2","Unencrypted files only. Device features and layout may change."
"rb","Kindle & ebooks","epub mobi azw3 pdf txt docx rtf fb2","Unencrypted files only. Device features and layout may change."
"tcr","Kindle & ebooks","epub mobi azw3 pdf txt docx rtf fb2","Unencrypted files only. Device features and layout may change."
"snb","Kindle & ebooks","epub mobi azw3 pdf txt docx rtf fb2","Unencrypted files only. Device features and layout may change."
"cbz","Kindle & ebooks","epub mobi azw3 pdf txt docx rtf fb2","Unencrypted files only. Device features and layout may change."
"cbr","Kindle & ebooks","epub mobi azw3 pdf txt docx rtf fb2","Unencrypted files only. Device features and layout may change."
"cb7","Kindle & ebooks","epub mobi azw3 pdf txt docx rtf fb2","Unencrypted files only. Device features and layout may change."
"ttf","Fonts","woff woff2","TTF or OTF output depends on the original outline type. Collections export their first font; outlines are not rebuilt."
"otf","Fonts","woff woff2","TTF or OTF output depends on the original outline type. Collections export their first font; outlines are not rebuilt."
"woff","Fonts","woff2 ttf otf","TTF or OTF output depends on the original outline type. Collections export their first font; outlines are not rebuilt."
"woff2","Fonts","woff ttf otf","TTF or OTF output depends on the original outline type. Collections export their first font; outlines are not rebuilt."
"ttc","Fonts","woff woff2 ttf otf","TTF or OTF output depends on the original outline type. Collections export their first font; outlines are not rebuilt."
"otc","Fonts","woff woff2 otf","TTF or OTF output depends on the original outline type. Collections export their first font; outlines are not rebuilt."
"blend","3D models","obj stl ply fbx glb gltf usda usdc usdz","Materials, animation, and scene features may change. Multiple output assets become a ZIP."
"obj","3D models","blend stl ply fbx glb gltf usda usdc usdz","Materials, animation, and scene features may change. Multiple output assets become a ZIP."
"stl","3D models","blend obj ply fbx glb gltf usda usdc usdz","Materials, animation, and scene features may change. Multiple output assets become a ZIP."
"ply","3D models","blend obj stl fbx glb gltf usda usdc usdz","Materials, animation, and scene features may change. Multiple output assets become a ZIP."
"fbx","3D models","blend obj stl ply glb gltf usda usdc usdz","Materials, animation, and scene features may change. Multiple output assets become a ZIP."
"gltf","3D models","blend obj stl ply fbx glb usda usdc usdz","Materials, animation, and scene features may change. Multiple output assets become a ZIP."
"glb","3D models","blend obj stl ply fbx gltf usda usdc usdz","Materials, animation, and scene features may change. Multiple output assets become a ZIP."
"usd","3D models","blend obj stl ply fbx glb gltf usda usdc usdz","Materials, animation, and scene features may change. Multiple output assets become a ZIP."
"usda","3D models","blend obj stl ply fbx glb gltf usdc usdz","Materials, animation, and scene features may change. Multiple output assets become a ZIP."
"usdc","3D models","blend obj stl ply fbx glb gltf usda usdz","Materials, animation, and scene features may change. Multiple output assets become a ZIP."
"usdz","3D models","blend obj stl ply fbx glb gltf usda usdc","Materials, animation, and scene features may change. Multiple output assets become a ZIP."
"abc","3D models","blend obj stl ply fbx glb gltf usda usdc usdz","Materials, animation, and scene features may change. Multiple output assets become a ZIP."
"srt","Subtitles","ass ssa vtt","Text subtitles only. Image subtitles need OCR and are not supported by this route."
"ass","Subtitles","srt ssa vtt","Text subtitles only. Image subtitles need OCR and are not supported by this route."
"ssa","Subtitles","srt ass vtt","Text subtitles only. Image subtitles need OCR and are not supported by this route."
"vtt","Subtitles","srt ass ssa","Text subtitles only. Image subtitles need OCR and are not supported by this route."
"sub","Subtitles","srt ass ssa vtt","Text subtitles only. Image subtitles need OCR and are not supported by this route."
"sbv","Subtitles","srt ass ssa vtt","Text subtitles only. Image subtitles need OCR and are not supported by this route."
"lrc","Subtitles","srt ass ssa vtt","Text subtitles only. Image subtitles need OCR and are not supported by this route."
"sami","Subtitles","srt ass ssa vtt","Text subtitles only. Image subtitles need OCR and are not supported by this route."
"smi","Subtitles","srt ass ssa vtt","Text subtitles only. Image subtitles need OCR and are not supported by this route."
"aqtitle","Subtitles","srt ass ssa vtt","Text subtitles only. Image subtitles need OCR and are not supported by this route."
"jacosub","Subtitles","srt ass ssa vtt","Text subtitles only. Image subtitles need OCR and are not supported by this route."
"mcc","Subtitles","srt ass ssa vtt","Text subtitles only. Image subtitles need OCR and are not supported by this route."
"microdvd","Subtitles","srt ass ssa vtt","Text subtitles only. Image subtitles need OCR and are not supported by this route."
"mpl2","Subtitles","srt ass ssa vtt","Text subtitles only. Image subtitles need OCR and are not supported by this route."
"mpsub","Subtitles","srt ass ssa vtt","Text subtitles only. Image subtitles need OCR and are not supported by this route."
"pjs","Subtitles","srt ass ssa vtt","Text subtitles only. Image subtitles need OCR and are not supported by this route."
"rcwt","Subtitles","srt ass ssa vtt","Text subtitles only. Image subtitles need OCR and are not supported by this route."
"realtext","Subtitles","srt ass ssa vtt","Text subtitles only. Image subtitles need OCR and are not supported by this route."
"scc","Subtitles","srt ass ssa vtt","Text subtitles only. Image subtitles need OCR and are not supported by this route."
"subviewer","Subtitles","srt ass ssa vtt","Text subtitles only. Image subtitles need OCR and are not supported by this route."
"subviewer1","Subtitles","srt ass ssa vtt","Text subtitles only. Image subtitles need OCR and are not supported by this route."
"sup","Subtitles","srt ass ssa vtt","Text subtitles only. Image subtitles need OCR and are not supported by this route."
"tedcaptions","Subtitles","srt ass ssa vtt","Text subtitles only. Image subtitles need OCR and are not supported by this route."
"vobsub","Subtitles","srt ass ssa vtt","Text subtitles only. Image subtitles need OCR and are not supported by this route."
"vplayer","Subtitles","srt ass ssa vtt","Text subtitles only. Image subtitles need OCR and are not supported by this route."
"webvtt","Subtitles","srt ass ssa vtt","Text subtitles only. Image subtitles need OCR and are not supported by this route."
"parquet","Data tables & databases","json csv tsv feather ndjson","JSON exports all SQLite tables. Other database outputs require one table; schemas/indexes are not preserved."
"pq","Data tables & databases","json csv tsv parquet feather ndjson","JSON exports all SQLite tables. Other database outputs require one table; schemas/indexes are not preserved."
"feather","Data tables & databases","json csv tsv parquet ndjson","JSON exports all SQLite tables. Other database outputs require one table; schemas/indexes are not preserved."
"arrow","Data tables & databases","json csv tsv parquet feather ndjson","JSON exports all SQLite tables. Other database outputs require one table; schemas/indexes are not preserved."
"ndjson","Data tables & databases","json csv tsv parquet feather","JSON exports all SQLite tables. Other database outputs require one table; schemas/indexes are not preserved."
"jsonl","Data tables & databases","json csv tsv parquet feather ndjson","JSON exports all SQLite tables. Other database outputs require one table; schemas/indexes are not preserved."
"sqlite","Data tables & databases","json csv tsv parquet feather ndjson","JSON exports all SQLite tables. Other database outputs require one table; schemas/indexes are not preserved."
"sqlite3","Data tables & databases","json csv tsv parquet feather ndjson","JSON exports all SQLite tables. Other database outputs require one table; schemas/indexes are not preserved."
"db","Data tables & databases","json csv tsv parquet feather ndjson","JSON exports all SQLite tables. Other database outputs require one table; schemas/indexes are not preserved."
"odg","Drawings & publishing","pdf svg png","SVG/PNG exports first page; PDF is the preferred multipage output. Native format versions must be supported by LibreOffice."
"otg","Drawings & publishing","pdf svg png","SVG/PNG exports first page; PDF is the preferred multipage output. Native format versions must be supported by LibreOffice."
"fodg","Drawings & publishing","pdf svg png","SVG/PNG exports first page; PDF is the preferred multipage output. Native format versions must be supported by LibreOffice."
"vsd","Drawings & publishing","pdf svg png","SVG/PNG exports first page; PDF is the preferred multipage output. Native format versions must be supported by LibreOffice."
"vsdx","Drawings & publishing","pdf svg png","SVG/PNG exports first page; PDF is the preferred multipage output. Native format versions must be supported by LibreOffice."
"vsdm","Drawings & publishing","pdf svg png","SVG/PNG exports first page; PDF is the preferred multipage output. Native format versions must be supported by LibreOffice."
"vdx","Drawings & publishing","pdf svg png","SVG/PNG exports first page; PDF is the preferred multipage output. Native format versions must be supported by LibreOffice."
"vstx","Drawings & publishing","pdf svg png","SVG/PNG exports first page; PDF is the preferred multipage output. Native format versions must be supported by LibreOffice."
"pub","Drawings & publishing","pdf svg png","SVG/PNG exports first page; PDF is the preferred multipage output. Native format versions must be supported by LibreOffice."
"cdr","Drawings & publishing","pdf svg png","SVG/PNG exports first page; PDF is the preferred multipage output. Native format versions must be supported by LibreOffice."
"cmx","Drawings & publishing","pdf svg png","SVG/PNG exports first page; PDF is the preferred multipage output. Native format versions must be supported by LibreOffice."
"sda","Drawings & publishing","pdf svg png","SVG/PNG exports first page; PDF is the preferred multipage output. Native format versions must be supported by LibreOffice."
"std","Drawings & publishing","pdf svg png","SVG/PNG exports first page; PDF is the preferred multipage output. Native format versions must be supported by LibreOffice."
"fh","Drawings & publishing","pdf svg png","SVG/PNG exports first page; PDF is the preferred multipage output. Native format versions must be supported by LibreOffice."
"fh1","Drawings & publishing","pdf svg png","SVG/PNG exports first page; PDF is the preferred multipage output. Native format versions must be supported by LibreOffice."
"fh10","Drawings & publishing","pdf svg png","SVG/PNG exports first page; PDF is the preferred multipage output. Native format versions must be supported by LibreOffice."
"fh11","Drawings & publishing","pdf svg png","SVG/PNG exports first page; PDF is the preferred multipage output. Native format versions must be supported by LibreOffice."
"fh2","Drawings & publishing","pdf svg png","SVG/PNG exports first page; PDF is the preferred multipage output. Native format versions must be supported by LibreOffice."
"fh3","Drawings & publishing","pdf svg png","SVG/PNG exports first page; PDF is the preferred multipage output. Native format versions must be supported by LibreOffice."
"fh4","Drawings & publishing","pdf svg png","SVG/PNG exports first page; PDF is the preferred multipage output. Native format versions must be supported by LibreOffice."
"fh5","Drawings & publishing","pdf svg png","SVG/PNG exports first page; PDF is the preferred multipage output. Native format versions must be supported by LibreOffice."
"fh6","Drawings & publishing","pdf svg png","SVG/PNG exports first page; PDF is the preferred multipage output. Native format versions must be supported by LibreOffice."
"fh7","Drawings & publishing","pdf svg png","SVG/PNG exports first page; PDF is the preferred multipage output. Native format versions must be supported by LibreOffice."
"fh8","Drawings & publishing","pdf svg png","SVG/PNG exports first page; PDF is the preferred multipage output. Native format versions must be supported by LibreOffice."
"fh9","Drawings & publishing","pdf svg png","SVG/PNG exports first page; PDF is the preferred multipage output. Native format versions must be supported by LibreOffice."
"p65","Drawings & publishing","pdf svg png","SVG/PNG exports first page; PDF is the preferred multipage output. Native format versions must be supported by LibreOffice."
"pm","Drawings & publishing","pdf svg png","SVG/PNG exports first page; PDF is the preferred multipage output. Native format versions must be supported by LibreOffice."
"pm6","Drawings & publishing","pdf svg png","SVG/PNG exports first page; PDF is the preferred multipage output. Native format versions must be supported by LibreOffice."
"pmd","Drawings & publishing","pdf svg png","SVG/PNG exports first page; PDF is the preferred multipage output. Native format versions must be supported by LibreOffice."
"qxd","Drawings & publishing","pdf svg png","SVG/PNG exports first page; PDF is the preferred multipage output. Native format versions must be supported by LibreOffice."
"qxt","Drawings & publishing","pdf svg png","SVG/PNG exports first page; PDF is the preferred multipage output. Native format versions must be supported by LibreOffice."
"wpg","Drawings & publishing","pdf svg png","SVG/PNG exports first page; PDF is the preferred multipage output. Native format versions must be supported by LibreOffice."
"zmf","Drawings & publishing","pdf svg png","SVG/PNG exports first page; PDF is the preferred multipage output. Native format versions must be supported by LibreOffice."